Rank,Ligand,Initial_1VYW_Affinity,Mean_Affinity,Median_Affinity,Best_Affinity,Worst_Affinity,SD_Affinity,Successful_Receptors,1VYW,7RWF,5A14,5IF1,1W98
1,ligand_4648,-10.19,-12.490,-12.590,-15.17,-10.21,1.816,5,-12.82,-15.17,-12.59,-10.21,-11.66
2,ligand_4817,-10.19,-12.058,-11.620,-14.84,-10.23,1.722,5,-12.28,-14.84,-11.32,-10.23,-11.62
3,ligand_7444,-11.12,-11.814,-11.160,-13.95,-10.75,1.382,5,-11.16,-13.95,-12.45,-10.75,-10.76
4,ligand_4647,-14.74,-11.702,-11.160,-14.80,-10.11,1.796,5,-14.80,-11.16,-11.31,-10.11,-11.13
5,ligand_4348,-12.39,-11.632,-11.780,-12.50,-10.33,0.900,5,-12.38,-12.50,-11.78,-10.33,-11.17
6,ligand_591,-12.89,-11.531,-12.030,-13.11,-9.63,1.501,5,-13.11,-12.59,-12.03,-10.29,-9.63
7,ligand_5808,-14.59,-11.494,-10.820,-14.59,-9.99,1.791,5,-14.59,-10.81,-11.26,-9.99,-10.82
8,ligand_339,-10.21,-11.456,-11.430,-12.40,-10.32,0.780,5,-11.90,-12.40,-11.43,-10.32,-11.23
9,ligand_2126,-11.92,-11.454,-11.440,-12.38,-10.31,0.774,5,-11.89,-12.38,-11.44,-10.31,-11.25
10,ligand_4318,-14.14,-11.200,-10.970,-14.24,-9.56,1.832,5,-14.24,-9.56,-10.97,-10.00,-11.23
11,ligand_5336,-12.59,-11.138,-10.800,-12.43,-9.65,1.132,5,-12.43,-10.80,-10.70,-9.65,-12.11
12,ligand_5600,-14.12,-11.087,-10.810,-14.16,-9.66,1.806,5,-14.16,-9.66,-10.81,-9.88,-10.93
13,ligand_1868,-11.5,-10.498,-10.580,-13.04,-8.58,1.883,5,-11.52,-13.04,-10.58,-8.78,-8.58
14,ligand_5635,-11.62,-10.493,-10.050,-12.58,-8.60,1.604,5,-11.65,-9.58,-12.58,-8.60,-10.05
15,ligand_5694,-10.73,-10.352,-10.780,-12.34,-8.16,1.876,5,-10.78,-11.84,-12.34,-8.16,-8.65
16,ligand_4180,-10.1,-10.126,-10.130,-11.92,-8.26,1.478,5,-10.13,-11.17,-11.92,-8.26,-9.15
17,ligand_4860,-11.19,-10.091,-9.914,-12.15,-8.09,1.617,5,-11.19,-9.11,-12.15,-8.09,-9.91
18,ligand_3510,-10.93,-10.038,-10.620,-12.04,-8.03,1.675,5,-10.91,-12.04,-10.62,-8.03,-8.59
19,ligand_1637,-11.34,-10.020,-10.050,-11.24,-9.13,0.911,5,-11.24,-9.14,-10.54,-9.13,-10.05
20,ligand_7225,-10.71,-9.985,-10.350,-10.70,-8.57,0.895,5,-10.70,-10.66,-10.35,-8.57,-9.64
21,ligand_7017,-10.66,-9.902,-10.360,-10.70,-8.63,0.936,5,-10.70,-10.63,-10.36,-8.63,-9.19
22,ligand_4406,-10.75,-9.877,-10.120,-10.80,-8.54,0.881,5,-10.80,-10.41,-10.12,-8.54,-9.51
23,ligand_7506,-10.65,-9.802,-10.370,-11.41,-7.94,1.447,5,-10.63,-10.37,-11.41,-7.94,-8.66
24,ligand_3870,-11.08,-9.787,-10.440,-11.04,-8.09,1.266,5,-11.04,-10.44,-10.55,-8.09,-8.82
25,ligand_7391,-11.09,-9.764,-10.600,-11.13,-7.94,1.602,5,-11.04,-11.13,-10.60,-7.94,-8.11
26,ligand_4377,-10.52,-9.724,-10.140,-12.00,-7.57,1.734,5,-12.00,-10.14,-10.43,-8.48,-7.57
27,ligand_3263,-10.62,-9.712,-9.786,-10.61,-8.88,0.780,5,-10.61,-8.88,-10.32,-8.96,-9.79
28,ligand_3134,-10.7,-9.699,-10.590,-10.96,-7.78,1.473,5,-10.72,-10.96,-10.59,-7.78,-8.45
29,ligand_3855,-10.69,-9.697,-9.732,-11.28,-8.17,1.331,5,-10.71,-11.28,-9.73,-8.17,-8.59
30,ligand_6031,-10.6,-9.694,-10.520,-11.19,-7.77,1.512,5,-10.60,-11.19,-10.52,-8.39,-7.77
31,ligand_345,-10.15,-9.682,-10.140,-11.76,-7.62,1.703,5,-10.14,-10.61,-11.76,-7.62,-8.28
32,ligand_6508,-10.28,-9.682,-9.775,-12.21,-7.73,1.766,5,-10.36,-12.21,-9.78,-7.73,-8.33
33,ligand_50,-10.5,-9.679,-10.050,-11.09,-8.23,1.277,5,-10.05,-11.09,-10.57,-8.46,-8.23
34,ligand_3155,-10.77,-9.670,-10.450,-11.20,-7.52,1.611,5,-10.77,-11.20,-10.45,-7.52,-8.41
35,ligand_7629,-11.13,-9.668,-11.130,-12.32,-6.21,2.672,5,-11.13,-12.32,-11.24,-6.21,-7.43
36,ligand_2415,-11.76,-9.665,-9.705,-11.48,-8.37,1.206,5,-11.48,-8.37,-8.80,-9.71,-9.97
37,ligand_6039,-10.5,-9.634,-10.190,-11.06,-7.83,1.363,5,-10.50,-11.06,-10.19,-7.83,-8.59
38,ligand_5529,-10.73,-9.581,-10.560,-10.79,-7.67,1.470,5,-10.56,-10.57,-10.79,-7.67,-8.31
39,ligand_4726,-10.28,-9.568,-10.240,-10.82,-7.94,1.311,5,-10.46,-10.24,-10.82,-7.94,-8.38
40,ligand_4392,-10.29,-9.549,-10.400,-11.16,-7.46,1.652,5,-10.40,-10.62,-11.16,-7.46,-8.11
41,ligand_92,-10.97,-9.537,-9.048,-10.86,-8.68,1.005,5,-10.86,-10.36,-9.05,-8.68,-8.74
42,ligand_6640,-10.53,-9.531,-10.420,-10.72,-7.90,1.459,5,-10.64,-10.72,-10.42,-7.98,-7.90
43,ligand_1509,-11.81,-9.527,-9.006,-11.80,-7.64,1.593,5,-11.80,-10.35,-9.01,-7.64,-8.84
44,ligand_1811,-10.57,-9.521,-10.600,-10.72,-7.09,1.631,5,-10.60,-10.72,-10.63,-7.09,-8.56
45,ligand_189,-10.83,-9.483,-9.790,-10.97,-8.11,1.101,5,-10.97,-9.79,-9.81,-8.11,-8.73
46,ligand_3739,-10.49,-9.480,-10.220,-10.51,-8.08,1.270,5,-10.51,-10.48,-10.22,-8.11,-8.08
47,ligand_2048,-10.92,-9.459,-9.702,-10.96,-8.11,1.085,5,-10.96,-9.70,-9.77,-8.11,-8.76
48,ligand_3748,-10.4,-9.458,-10.020,-10.55,-7.55,1.290,5,-10.44,-10.55,-10.02,-7.55,-8.73
49,ligand_5350,-10.76,-9.455,-8.926,-11.52,-7.66,1.617,5,-10.74,-11.52,-8.93,-7.66,-8.43
50,ligand_7218,-10.18,-9.441,-9.545,-10.78,-7.54,1.231,5,-10.19,-10.78,-9.54,-7.54,-9.15
51,ligand_112,-10.31,-9.438,-10.380,-10.76,-7.21,1.550,5,-10.38,-10.42,-10.76,-7.21,-8.42
52,ligand_382,-10.23,-9.410,-9.951,-10.41,-7.98,1.109,5,-10.24,-10.41,-9.95,-7.98,-8.47
53,ligand_4583,-10.27,-9.405,-9.358,-10.70,-8.25,1.082,5,-10.27,-9.36,-10.70,-8.25,-8.44
54,ligand_4042,-10.17,-9.384,-9.629,-10.93,-7.13,1.439,5,-10.19,-9.63,-10.93,-7.13,-9.04
55,ligand_2780,-10.14,-9.380,-10.020,-11.77,-7.42,1.861,5,-10.02,-11.77,-10.13,-7.42,-7.56
56,ligand_6098,-10.35,-9.365,-9.995,-10.36,-7.96,1.184,5,-10.31,-10.36,-9.99,-8.20,-7.96
57,ligand_1542,-10.51,-9.360,-9.181,-12.53,-7.21,2.064,5,-9.94,-7.95,-12.53,-9.18,-7.21
58,ligand_6004,-10.93,-9.344,-8.754,-11.10,-7.58,1.580,5,-10.92,-11.10,-8.75,-7.58,-8.37
59,ligand_65,-10.1,-9.341,-9.717,-10.31,-7.99,0.982,5,-10.03,-9.72,-10.31,-7.99,-8.66
60,ligand_2398,-10.41,-9.337,-10.340,-10.78,-7.11,1.655,5,-10.34,-10.43,-10.78,-7.11,-8.02
61,ligand_3851,-11.17,-9.337,-9.634,-11.26,-7.93,1.354,5,-11.26,-9.72,-9.63,-8.14,-7.93
62,ligand_4262,-10.09,-9.335,-10.150,-10.99,-6.90,1.682,5,-10.15,-10.99,-10.31,-6.90,-8.33
63,ligand_2664,-10.69,-9.332,-10.440,-10.73,-7.02,1.751,5,-10.60,-10.73,-10.44,-7.02,-7.87
64,ligand_7155,-10.2,-9.331,-10.150,-10.59,-7.04,1.552,5,-10.15,-10.59,-10.46,-7.04,-8.42
65,ligand_5729,-10.31,-9.323,-10.330,-10.74,-7.18,1.692,5,-10.33,-10.74,-10.56,-7.18,-7.80
66,ligand_2615,-10.77,-9.323,-9.926,-10.28,-6.75,1.463,5,-9.93,-10.11,-10.28,-6.75,-9.55
67,ligand_3957,-10.74,-9.321,-9.109,-10.78,-8.19,0.960,5,-10.78,-9.60,-9.11,-8.19,-8.93
68,ligand_3391,-10.05,-9.319,-10.060,-11.18,-7.25,1.660,5,-10.06,-11.18,-10.19,-7.25,-7.92
69,ligand_6813,-10.29,-9.318,-9.651,-10.54,-7.89,1.216,5,-10.32,-10.54,-9.65,-7.89,-8.18
70,ligand_4832,-10.28,-9.317,-8.974,-10.88,-8.22,1.199,5,-10.25,-10.88,-8.97,-8.22,-8.26
71,ligand_3332,-10.55,-9.311,-9.673,-10.71,-7.59,1.386,5,-10.44,-10.71,-9.67,-7.59,-8.14
72,ligand_973,-11.44,-9.300,-9.136,-11.21,-7.89,1.203,5,-11.21,-8.94,-9.14,-7.89,-9.32
73,ligand_6608,-11.45,-9.299,-9.025,-11.45,-7.74,1.437,5,-11.45,-9.87,-9.03,-7.74,-8.41
74,ligand_5813,-10.16,-9.298,-10.180,-10.54,-7.01,1.525,5,-10.31,-10.18,-10.54,-7.01,-8.45
75,ligand_6718,-10.41,-9.297,-10.110,-10.51,-7.24,1.481,5,-10.51,-10.11,-10.41,-7.24,-8.22
76,ligand_1165,-10.53,-9.292,-10.350,-10.54,-7.32,1.601,5,-10.54,-10.47,-10.35,-7.32,-7.78
77,ligand_6143,-10.34,-9.289,-8.697,-11.17,-7.82,1.431,5,-10.41,-11.17,-8.70,-7.82,-8.35
78,ligand_1869,-10.12,-9.288,-10.030,-10.11,-7.31,1.214,5,-10.11,-10.03,-10.07,-7.31,-8.92
79,ligand_4275,-10.5,-9.276,-10.070,-10.51,-7.22,1.465,5,-10.51,-10.07,-10.34,-7.22,-8.24
80,ligand_5542,-10.96,-9.269,-9.181,-10.95,-7.79,1.242,5,-10.95,-9.97,-9.18,-7.79,-8.45
81,ligand_7151,-10.04,-9.267,-9.934,-10.59,-7.27,1.389,5,-10.15,-10.59,-9.93,-7.27,-8.39
82,ligand_4848,-10.39,-9.267,-10.150,-10.44,-6.62,1.644,5,-10.44,-10.42,-10.15,-6.62,-8.71
83,ligand_5790,-11.26,-9.265,-8.786,-11.30,-8.47,1.163,5,-11.30,-8.64,-8.79,-8.47,-9.13
84,ligand_1354,-10.07,-9.257,-10.100,-11.01,-6.95,1.741,5,-10.10,-11.01,-10.33,-6.95,-7.90
85,ligand_4032,-10.13,-9.251,-10.160,-11.04,-6.41,2.059,5,-10.16,-11.04,-10.88,-6.41,-7.77
86,ligand_4034,-10.89,-9.251,-9.559,-10.88,-7.56,1.294,5,-10.88,-9.56,-9.86,-7.56,-8.40
87,ligand_7214,-10.05,-9.248,-10.110,-11.01,-6.91,1.754,5,-10.11,-11.01,-10.32,-6.91,-7.89
88,ligand_2639,-10.65,-9.245,-10.170,-10.58,-7.16,1.518,5,-10.21,-10.17,-10.58,-7.16,-8.10
89,ligand_7179,-10.55,-9.241,-9.510,-10.63,-7.88,1.221,5,-10.63,-10.11,-9.51,-7.88,-8.07
90,ligand_1099,-10.47,-9.238,-10.340,-10.50,-7.12,1.658,5,-10.50,-10.47,-10.34,-7.12,-7.75
91,ligand_217,-10.17,-9.227,-9.909,-10.60,-7.21,1.439,5,-10.17,-10.60,-9.91,-7.21,-8.25
92,ligand_1172,-10.03,-9.225,-9.762,-10.66,-6.96,1.444,5,-10.02,-10.66,-9.76,-6.96,-8.72
93,ligand_2227,-10.13,-9.225,-9.958,-10.59,-6.99,1.495,5,-10.17,-10.59,-9.96,-6.99,-8.42
94,ligand_5716,-10.33,-9.220,-9.993,-10.44,-7.03,1.503,5,-10.44,-9.99,-10.35,-7.03,-8.29
95,ligand_3349,-10.67,-9.209,-10.170,-10.52,-7.17,1.523,5,-10.20,-10.17,-10.52,-7.17,-7.99
96,ligand_7064,-10.05,-9.201,-9.245,-10.08,-8.26,0.691,5,-10.08,-9.56,-9.24,-8.26,-8.86
97,ligand_2838,-10.23,-9.199,-10.190,-10.55,-7.22,1.548,5,-10.20,-10.19,-10.55,-7.22,-7.83
98,ligand_1412,-10.1,-9.195,-10.020,-10.10,-6.84,1.407,5,-10.09,-10.02,-10.10,-6.84,-8.93
99,ligand_5710,-10.1,-9.195,-9.847,-10.49,-7.36,1.371,5,-9.85,-10.49,-10.15,-7.36,-8.13
100,ligand_1858,-10.06,-9.194,-10.200,-10.54,-6.89,1.604,5,-10.21,-10.20,-10.54,-6.89,-8.13
101,ligand_2448,-10.44,-9.191,-9.637,-10.57,-7.60,1.371,5,-10.27,-9.64,-10.57,-7.60,-7.88
102,ligand_7122,-10.09,-9.191,-10.020,-10.10,-6.83,1.406,5,-10.10,-10.02,-10.07,-6.83,-8.93
103,ligand_1574,-10.1,-9.185,-10.020,-10.08,-6.82,1.407,5,-10.07,-10.02,-10.08,-6.82,-8.93
104,ligand_3959,-10.87,-9.183,-8.357,-11.42,-7.38,1.851,5,-10.91,-11.42,-7.85,-7.38,-8.36
105,ligand_2323,-10.43,-9.175,-10.400,-10.76,-6.28,1.960,5,-10.44,-10.40,-10.76,-6.28,-7.99
106,ligand_4627,-10.06,-9.173,-10.040,-10.63,-7.12,1.515,5,-10.04,-10.63,-10.05,-7.12,-8.03
107,ligand_4639,-10.32,-9.170,-9.960,-10.69,-7.16,1.525,5,-9.96,-10.69,-10.09,-7.16,-7.95
108,ligand_1362,-10.01,-9.170,-9.442,-10.71,-6.94,1.510,5,-10.28,-9.44,-10.71,-6.94,-8.47
109,ligand_3512,-10.24,-9.168,-9.997,-10.47,-7.08,1.505,5,-10.22,-10.00,-10.47,-7.08,-8.08
110,ligand_5848,-10.28,-9.145,-9.752,-10.28,-6.86,1.447,5,-10.28,-9.75,-10.24,-6.86,-8.59
111,ligand_7490,-10.6,-9.128,-8.248,-10.99,-7.71,1.549,5,-10.62,-10.99,-8.25,-7.71,-8.07
112,ligand_4500,-10.2,-9.112,-9.900,-10.64,-6.97,1.614,5,-10.22,-10.64,-9.90,-6.97,-7.83
113,ligand_6415,-10.29,-9.096,-9.674,-10.37,-6.96,1.481,5,-10.29,-9.67,-10.37,-6.96,-8.19
114,ligand_3981,-10.42,-9.096,-8.657,-11.09,-8.03,1.210,5,-9.32,-11.09,-8.66,-8.03,-8.39
115,ligand_2546,-10.43,-9.096,-8.939,-11.03,-6.61,1.786,5,-10.58,-6.61,-11.03,-8.94,-8.32
116,ligand_7476,-11.02,-9.075,-8.875,-10.97,-7.44,1.576,5,-10.97,-7.44,-10.39,-7.70,-8.88
117,ligand_694,-10.3,-9.073,-9.346,-10.28,-7.08,1.358,5,-10.26,-10.28,-9.35,-7.08,-8.40
118,ligand_3842,-10.37,-9.070,-9.925,-10.77,-6.72,1.709,5,-9.93,-10.77,-10.09,-6.72,-7.85
119,ligand_1607,-10.15,-9.070,-9.976,-10.53,-6.91,1.642,5,-10.22,-9.98,-10.53,-6.91,-7.71
120,ligand_1214,-10.57,-9.069,-9.128,-10.52,-6.90,1.408,5,-10.52,-10.07,-9.13,-6.90,-8.72
121,ligand_6317,-10.57,-9.068,-8.519,-10.62,-7.42,1.446,5,-10.56,-10.62,-8.52,-7.42,-8.22
122,ligand_660,-10.73,-9.066,-8.924,-10.79,-6.94,1.481,5,-10.79,-8.92,-10.09,-6.94,-8.58
123,ligand_443,-10.34,-9.049,-9.292,-10.58,-7.37,1.480,5,-10.33,-9.29,-10.58,-7.37,-7.67
124,ligand_3045,-10.2,-9.048,-9.670,-10.16,-7.44,1.168,5,-9.67,-10.16,-9.77,-7.44,-8.20
125,ligand_4587,-10.1,-9.048,-10.090,-10.23,-7.29,1.525,5,-10.09,-10.16,-10.23,-7.29,-7.46
126,ligand_2684,-10.83,-9.040,-8.565,-10.83,-7.35,1.361,5,-10.83,-9.95,-8.56,-7.35,-8.51
127,ligand_4335,-10.26,-9.039,-9.702,-10.57,-6.83,1.625,5,-10.25,-9.70,-10.57,-6.83,-7.85
128,ligand_2845,-10.04,-9.023,-9.668,-10.05,-6.55,1.465,5,-10.05,-10.01,-9.67,-6.55,-8.84
129,ligand_7152,-10.01,-9.018,-9.759,-10.31,-7.05,1.438,5,-10.03,-10.31,-9.76,-7.05,-7.94
130,ligand_5300,-10.13,-9.014,-10.010,-10.15,-7.10,1.501,5,-10.15,-10.01,-10.14,-7.10,-7.67
131,ligand_2656,-10.02,-9.005,-10.000,-10.36,-7.09,1.618,5,-10.00,-10.36,-10.18,-7.39,-7.09
132,ligand_3222,-10.21,-8.989,-9.884,-10.56,-6.42,1.699,5,-10.56,-8.12,-9.96,-6.42,-9.88
133,ligand_4798,-10.22,-8.985,-9.605,-10.17,-7.09,1.342,5,-10.17,-9.98,-9.61,-7.09,-8.08
134,ligand_4128,-10.11,-8.981,-9.177,-10.14,-7.89,1.028,5,-9.75,-10.14,-9.18,-7.89,-7.95
135,ligand_2857,-10.19,-8.973,-9.277,-10.16,-7.32,1.237,5,-10.16,-10.02,-9.28,-7.32,-8.09
136,ligand_4095,-11.19,-8.969,-8.287,-11.21,-7.37,1.542,5,-11.21,-9.85,-8.13,-7.37,-8.29
137,ligand_2643,-10.01,-8.968,-8.651,-10.28,-7.14,1.321,5,-10.28,-8.65,-10.24,-7.14,-8.53
138,ligand_4805,-11.12,-8.967,-9.197,-11.12,-7.40,1.451,5,-11.12,-7.40,-9.20,-7.86,-9.25
139,ligand_6094,-10.35,-8.965,-8.357,-11.09,-7.50,1.570,5,-10.13,-8.36,-11.09,-7.50,-7.75
140,ligand_2924,-10.25,-8.954,-9.867,-10.03,-6.88,1.445,5,-9.87,-10.03,-10.01,-6.88,-7.98
141,ligand_4379,-10.17,-8.952,-10.140,-10.55,-6.29,2.023,5,-10.14,-10.52,-10.55,-6.29,-7.26
142,ligand_6159,-10.13,-8.947,-9.530,-10.21,-7.43,1.184,5,-10.21,-9.59,-9.53,-7.43,-7.97
143,ligand_3169,-10.65,-8.944,-8.129,-11.10,-7.18,1.809,5,-10.67,-11.10,-7.64,-7.18,-8.13
144,ligand_4893,-11.69,-8.941,-8.429,-11.75,-7.52,1.661,5,-11.75,-7.52,-8.99,-8.01,-8.43
145,ligand_3425,-10.29,-8.938,-9.961,-10.40,-6.55,1.805,5,-10.33,-10.40,-9.96,-6.55,-7.45
146,ligand_5908,-10.17,-8.921,-9.974,-10.15,-6.19,1.740,5,-10.13,-10.15,-9.97,-6.19,-8.16
147,ligand_1016,-10.6,-8.908,-8.672,-10.58,-7.85,1.110,5,-10.58,-8.06,-8.67,-7.85,-9.38
148,ligand_6833,-10.09,-8.905,-8.522,-10.87,-6.84,1.698,5,-10.87,-8.52,-10.40,-6.84,-7.90
149,ligand_1930,-10.91,-8.903,-8.499,-10.92,-8.09,1.166,5,-10.92,-8.09,-8.50,-8.17,-8.84
150,ligand_5138,-10.11,-8.866,-9.220,-10.42,-7.05,1.457,5,-9.97,-9.22,-10.42,-7.05,-7.67
151,ligand_7449,-10.11,-8.861,-7.996,-11.29,-7.28,1.748,5,-10.11,-11.29,-8.00,-7.28,-7.62
152,ligand_7237,-10.2,-8.845,-10.030,-10.19,-6.84,1.734,5,-10.19,-10.11,-10.03,-6.84,-7.05
153,ligand_3156,-10.04,-8.824,-9.213,-10.05,-7.33,1.333,5,-10.03,-10.05,-9.21,-7.33,-7.49
154,ligand_528,-11.33,-8.806,-8.173,-11.34,-7.47,1.535,5,-11.34,-9.10,-8.17,-7.47,-7.95
155,ligand_5722,-10.07,-8.797,-8.477,-10.17,-7.18,1.258,5,-10.17,-9.96,-8.48,-7.18,-8.19
156,ligand_5162,-10.02,-8.775,-10.060,-10.76,-5.93,2.320,5,-10.06,-10.53,-10.76,-5.93,-6.59
157,ligand_5949,-10.8,-8.760,-8.297,-10.81,-7.63,1.278,5,-10.81,-9.14,-8.30,-7.63,-7.92
158,ligand_6654,-10.43,-8.750,-8.395,-10.42,-7.14,1.413,5,-10.42,-8.39,-10.00,-7.14,-7.80
159,ligand_1983,-10.41,-8.748,-7.958,-10.97,-7.16,1.806,5,-10.40,-10.97,-7.96,-7.16,-7.25
160,ligand_5468,-10.19,-8.718,-8.306,-11.32,-6.33,1.835,5,-9.46,-6.33,-11.32,-8.31,-8.17
161,ligand_7026,-10.4,-8.698,-8.631,-10.42,-7.19,1.461,5,-10.42,-9.90,-8.63,-7.34,-7.19
162,ligand_3416,-10.1,-8.681,-8.686,-10.24,-6.96,1.495,5,-10.09,-10.24,-8.69,-6.96,-7.42
163,ligand_792,-10.87,-8.678,-8.339,-10.86,-7.18,1.467,5,-10.86,-7.18,-9.35,-7.66,-8.34
164,ligand_1269,-10.62,-8.655,-8.050,-10.63,-7.45,1.283,5,-10.63,-7.45,-8.05,-7.92,-9.22
165,ligand_1876,-10.35,-8.652,-8.306,-10.35,-7.55,1.058,5,-10.35,-8.31,-8.87,-7.55,-8.19
166,ligand_677,-10.65,-8.644,-8.589,-10.64,-7.22,1.271,5,-10.64,-8.59,-8.78,-7.99,-7.22
167,ligand_5194,-11,-8.638,-8.167,-11.02,-7.50,1.371,5,-11.02,-7.50,-8.13,-8.17,-8.38
168,ligand_5403,-10.46,-8.601,-8.609,-10.47,-6.76,1.593,5,-10.47,-9.86,-8.61,-6.76,-7.30
169,ligand_3350,-10.12,-8.591,-8.209,-10.11,-7.25,1.126,5,-10.11,-9.32,-8.21,-7.25,-8.07
170,ligand_7401,-10.17,-8.575,-8.176,-10.40,-7.09,1.456,5,-10.40,-9.78,-8.18,-7.09,-7.42
171,ligand_5912,-10.43,-8.555,-7.553,-10.47,-7.28,1.618,5,-10.47,-10.17,-7.55,-7.30,-7.28
172,ligand_6390,-10.26,-8.549,-8.399,-10.28,-7.69,1.018,5,-10.28,-8.40,-8.44,-7.69,-7.94
173,ligand_411,-10.63,-8.547,-7.526,-10.63,-7.38,1.518,5,-10.63,-9.71,-7.53,-7.38,-7.49
174,ligand_4332,-10.27,-8.514,-8.018,-10.26,-7.35,1.169,5,-10.26,-7.83,-9.11,-8.02,-7.35
175,ligand_3355,-10.63,-8.509,-8.118,-10.63,-7.36,1.247,5,-10.63,-7.36,-8.12,-8.02,-8.42
176,ligand_7557,-10.45,-8.507,-7.546,-10.45,-7.05,1.662,5,-10.45,-10.18,-7.55,-7.30,-7.05
177,ligand_6798,-10.36,-8.473,-8.751,-10.35,-6.89,1.535,5,-10.35,-6.89,-9.44,-6.93,-8.75
178,ligand_1009,-10.72,-8.470,-7.789,-10.76,-7.09,1.561,5,-10.76,-7.79,-7.09,-7.33,-9.38
179,ligand_1964,-10.72,-8.460,-7.894,-10.71,-7.47,1.333,5,-10.71,-7.47,-7.89,-7.61,-8.61
180,ligand_1808,-10.24,-8.434,-8.265,-10.26,-6.88,1.233,5,-10.26,-6.88,-8.27,-7.98,-8.78
181,ligand_2485,-11.04,-8.421,-7.909,-11.05,-7.10,1.527,5,-11.05,-7.10,-7.82,-7.91,-8.23
182,ligand_2427,-10.36,-8.416,-8.181,-10.34,-7.07,1.325,5,-10.34,-7.07,-8.18,-7.41,-9.08
183,ligand_486,-10.82,-8.404,-8.166,-10.81,-6.49,1.637,5,-10.81,-6.49,-7.51,-8.17,-9.04
184,ligand_2342,-10.27,-8.357,-8.989,-10.43,-5.96,1.773,5,-10.43,-5.96,-7.18,-8.99,-9.22
185,ligand_1054,-10.03,-8.339,-8.161,-10.02,-7.59,0.974,5,-10.02,-8.17,-7.75,-7.59,-8.16
186,ligand_4094,-10.25,-8.314,-7.483,-10.23,-6.97,1.467,5,-10.23,-9.54,-7.48,-7.35,-6.97
187,ligand_5841,-10.38,-8.307,-7.390,-10.37,-6.69,1.857,5,-10.37,-10.27,-7.39,-6.69,-6.82
188,ligand_1364,-10.03,-8.298,-8.086,-10.08,-7.38,1.079,5,-10.08,-7.38,-8.09,-7.54,-8.41
189,ligand_780,-10.54,-8.284,-8.158,-10.50,-7.16,1.315,5,-10.50,-8.16,-7.16,-7.45,-8.16
190,ligand_3490,-12.38,-8.270,-7.746,-12.36,-6.39,2.389,5,-12.36,-6.39,-8.09,-6.76,-7.75
191,ligand_7199,-11.19,-8.258,-8.076,-11.24,-6.37,1.844,5,-11.24,-6.37,-8.39,-7.21,-8.08
192,ligand_4804,-10,-8.246,-8.106,-10.06,-6.82,1.198,5,-10.06,-6.82,-8.55,-7.70,-8.11
193,ligand_1010,-10.89,-8.231,-7.784,-10.96,-6.87,1.577,5,-10.96,-6.87,-7.78,-7.86,-7.69
194,ligand_3250,-10.01,-8.214,-7.810,-9.96,-7.61,0.987,5,-9.96,-7.72,-7.97,-7.61,-7.81
195,ligand_5269,-11.85,-8.171,-7.375,-11.85,-6.41,2.132,5,-11.85,-6.41,-7.23,-7.38,-7.99
196,ligand_6672,-10.39,-8.170,-7.852,-10.39,-6.96,1.299,5,-10.39,-7.73,-7.85,-6.96,-7.91
197,ligand_7118,-10.14,-8.156,-7.841,-10.08,-6.70,1.367,5,-10.08,-6.70,-8.96,-7.20,-7.84
198,ligand_5702,-10.82,-8.152,-7.675,-11.14,-6.72,1.729,5,-11.14,-6.72,-7.90,-7.33,-7.67
199,ligand_463,-10.03,-8.144,-7.207,-10.61,-6.01,2.040,5,-10.02,-6.01,-10.61,-7.21,-6.87
200,ligand_2864,-11.18,-8.142,-7.648,-11.16,-6.54,1.761,5,-11.16,-6.54,-7.51,-7.65,-7.85
201,ligand_381,-11.2,-8.125,-7.647,-11.19,-6.48,1.789,5,-11.19,-6.48,-7.65,-7.77,-7.54
202,ligand_6457,-10.29,-8.124,-8.199,-10.29,-6.54,1.485,5,-10.29,-6.54,-8.20,-6.96,-8.63
203,ligand_5299,-10.53,-8.113,-7.788,-10.53,-6.58,1.454,5,-10.53,-6.58,-7.88,-7.79,-7.79
204,ligand_7238,-10.33,-8.087,-8.196,-10.33,-6.37,1.510,5,-10.33,-6.37,-8.20,-7.08,-8.45
205,ligand_2733,-10.02,-8.080,-7.820,-10.44,-6.41,1.460,5,-10.44,-6.41,-7.95,-7.78,-7.82
206,ligand_2544,-10.48,-8.080,-8.040,-10.46,-6.46,1.489,5,-10.46,-6.46,-8.12,-7.32,-8.04
207,ligand_2002,-10.27,-8.063,-8.041,-10.19,-6.46,1.388,5,-10.19,-8.31,-8.04,-6.46,-7.32
208,ligand_87,-11.45,-8.015,-7.377,-11.46,-6.13,2.083,5,-11.46,-6.13,-7.38,-6.81,-8.30
209,ligand_6802,-10.11,-8.013,-7.899,-10.12,-6.16,1.698,5,-10.12,-6.16,-6.60,-7.90,-9.29
210,ligand_4165,-10.1,-8.011,-8.146,-10.10,-6.64,1.423,5,-10.10,-6.72,-8.44,-6.64,-8.15
211,ligand_3439,-10.2,-7.996,-7.883,-10.71,-6.56,1.625,5,-10.71,-6.56,-7.88,-6.94,-7.88
212,ligand_2368,-10.06,-7.995,-7.629,-10.03,-6.99,1.192,5,-10.03,-7.63,-6.99,-7.37,-7.96
213,ligand_1899,-10.62,-7.988,-7.507,-10.60,-6.50,1.650,5,-10.60,-6.50,-7.51,-6.83,-8.51
214,ligand_1710,-10.42,-7.980,-7.441,-10.41,-7.17,1.367,5,-10.41,-7.29,-7.58,-7.17,-7.44
215,ligand_5818,-10.19,-7.952,-7.138,-10.44,-5.89,2.206,5,-10.18,-5.89,-10.44,-7.14,-6.11
216,ligand_5522,-10.38,-7.940,-7.697,-10.42,-6.37,1.650,5,-10.42,-6.61,-8.60,-6.37,-7.70
217,ligand_7132,-10.06,-7.934,-7.394,-10.07,-7.00,1.256,5,-10.07,-7.00,-7.39,-7.18,-8.03
218,ligand_826,-10.13,-7.920,-7.663,-10.12,-6.44,1.358,5,-10.12,-6.44,-7.41,-7.66,-7.97
219,ligand_3879,-10.25,-7.913,-7.543,-10.27,-6.74,1.364,5,-10.27,-6.74,-7.54,-7.37,-7.64
220,ligand_4018,-10.63,-7.903,-7.516,-10.65,-6.39,1.689,5,-10.65,-6.39,-7.52,-6.75,-8.21
221,ligand_4871,-10.3,-7.900,-7.121,-10.29,-6.42,1.554,5,-10.29,-8.59,-7.08,-6.42,-7.12
222,ligand_2332,-10.31,-7.870,-7.238,-10.27,-6.68,1.414,5,-10.27,-6.68,-7.23,-7.24,-7.93
223,ligand_5801,-10.37,-7.849,-7.400,-10.45,-6.62,1.505,5,-10.45,-6.62,-7.40,-7.09,-7.67
224,ligand_4926,-10.2,-7.833,-7.854,-10.33,-6.45,1.590,5,-10.33,-6.45,-7.85,-6.46,-8.08
225,ligand_3766,-10.54,-7.822,-8.620,-9.77,-2.89,2.798,5,-9.77,-2.89,-8.62,-8.60,-9.23
226,ligand_4615,-10.56,-7.814,-7.145,-10.59,-6.80,1.570,5,-10.59,-6.80,-7.06,-7.14,-7.47
227,ligand_2249,-10.13,-7.807,-7.545,-10.12,-6.55,1.358,5,-10.12,-6.55,-7.58,-7.24,-7.54
228,ligand_6678,-11.04,-7.767,-7.367,-11.01,-6.06,1.898,5,-11.01,-6.06,-7.37,-6.91,-7.49
229,ligand_5614,-10.5,-7.758,-7.144,-10.45,-6.33,1.613,5,-10.45,-7.95,-6.92,-6.33,-7.14
230,ligand_5829,-10.15,-7.744,-7.811,-10.13,-5.11,1.781,5,-10.13,-5.11,-7.92,-7.75,-7.81
231,ligand_3540,-10.74,-7.733,-7.335,-10.74,-6.14,1.757,5,-10.74,-6.14,-7.45,-7.00,-7.33
232,ligand_5728,-10.89,-7.731,-7.369,-10.89,-6.07,1.847,5,-10.89,-6.07,-7.42,-6.91,-7.37
233,ligand_371,-10.5,-7.715,-7.054,-10.50,-6.88,1.559,5,-10.50,-7.05,-7.00,-6.88,-7.14
234,ligand_1763,-10.43,-7.712,-7.627,-10.39,-6.05,1.674,5,-10.39,-6.05,-7.63,-6.59,-7.89
235,ligand_7327,-10.68,-7.709,-6.899,-10.71,-6.43,1.805,5,-10.71,-6.43,-6.90,-6.44,-8.07
236,ligand_5537,-10.26,-7.674,-7.109,-10.24,-6.44,1.523,5,-10.24,-6.44,-7.11,-6.76,-7.82
237,ligand_3022,-10.17,-7.666,-7.163,-10.16,-6.81,1.403,5,-10.16,-6.81,-6.99,-7.16,-7.21
238,ligand_2858,-10.99,-7.665,-7.160,-10.99,-5.79,1.954,5,-10.99,-5.79,-7.12,-7.27,-7.16
239,ligand_6860,-11,-7.659,-7.150,-10.99,-5.77,1.959,5,-10.99,-5.77,-7.12,-7.26,-7.15
240,ligand_700,-10.17,-7.655,-7.544,-10.14,-6.03,1.575,5,-10.14,-6.03,-7.92,-6.64,-7.54
241,ligand_5206,-10.16,-7.643,-7.290,-10.16,-6.42,1.480,5,-10.16,-6.42,-7.60,-6.75,-7.29
242,ligand_2012,-10.07,-7.643,-6.879,-10.27,-6.38,1.598,5,-10.27,-6.38,-6.88,-6.65,-8.03
243,ligand_4789,-10.55,-7.641,-7.227,-9.47,-6.24,1.321,5,-9.47,-6.24,-8.49,-6.78,-7.23
244,ligand_1359,-10.1,-7.637,-7.423,-10.06,-6.03,1.484,5,-10.06,-6.03,-7.60,-7.07,-7.42
245,ligand_6180,-10.17,-7.631,-7.069,-10.20,-6.77,1.444,5,-10.20,-6.77,-6.94,-7.07,-7.17
246,ligand_4303,-10.15,-7.620,-7.528,-9.66,-5.91,1.706,5,-9.66,-6.00,-9.00,-7.53,-5.91
247,ligand_4102,-10.24,-7.609,-7.291,-10.21,-6.16,1.558,5,-10.21,-6.16,-7.63,-6.75,-7.29
248,ligand_6978,-10.66,-7.596,-7.364,-10.67,-5.92,1.839,5,-10.67,-5.92,-7.36,-6.50,-7.53
249,ligand_5768,-10.55,-7.576,-7.408,-10.57,-6.10,1.778,5,-10.57,-6.10,-7.41,-6.36,-7.44
250,ligand_6874,-10.51,-7.573,-7.039,-10.55,-6.37,1.724,5,-10.55,-6.37,-6.44,-7.04,-7.46
251,ligand_1243,-10.01,-7.558,-7.282,-9.98,-6.09,1.446,5,-9.98,-6.09,-7.28,-7.08,-7.36
252,ligand_7234,-10.02,-7.554,-7.047,-10.02,-6.57,1.437,5,-10.02,-6.57,-7.05,-6.58,-7.55
253,ligand_3554,-10.28,-7.533,-7.055,-10.32,-6.14,1.615,5,-10.32,-6.14,-6.87,-7.05,-7.28
254,ligand_152,-10.11,-7.520,-7.250,-10.53,-5.90,1.805,5,-10.53,-5.90,-7.53,-6.38,-7.25
255,ligand_7551,-10.37,-7.516,-6.933,-9.86,-6.46,1.389,5,-9.86,-6.46,-7.67,-6.93,-6.66
256,ligand_3387,-10.62,-7.507,-7.055,-10.56,-5.79,1.796,5,-10.56,-5.79,-6.92,-7.05,-7.21
257,ligand_6502,-10.28,-7.477,-6.799,-10.29,-6.18,1.633,5,-10.29,-6.70,-6.80,-6.18,-7.42
258,ligand_6194,-10.56,-7.474,-7.080,-10.60,-5.86,1.836,5,-10.60,-5.86,-7.31,-6.52,-7.08
259,ligand_3523,-10.32,-7.465,-7.096,-10.30,-5.66,1.708,5,-10.30,-5.66,-7.20,-7.10,-7.08
260,ligand_7609,-10.11,-7.442,-6.990,-10.07,-5.88,1.568,5,-10.07,-5.88,-7.35,-6.93,-6.99
261,ligand_5764,-10.76,-7.413,-6.722,-10.78,-5.81,1.940,5,-10.78,-5.81,-6.72,-6.66,-7.09
262,ligand_216,-10.76,-7.391,-6.738,-10.82,-6.11,1.943,5,-10.82,-6.11,-6.74,-6.36,-6.92
263,ligand_469,-10.22,-7.365,-6.945,-10.22,-5.74,1.689,5,-10.22,-5.74,-6.95,-6.73,-7.20
264,ligand_7141,-10.16,-7.300,-6.634,-10.15,-6.25,1.622,5,-10.15,-6.25,-7.06,-6.40,-6.63
265,ligand_4826,-10.76,-7.273,-6.827,-10.77,-5.90,2.006,5,-10.77,-5.90,-6.83,-6.00,-6.87
266,ligand_1735,-10.16,-7.261,-6.946,-10.18,-5.76,1.755,5,-10.18,-6.06,-6.95,-5.76,-7.36
267,ligand_3011,-10.32,-7.217,-6.704,-10.30,-5.60,1.875,5,-10.30,-5.60,-6.70,-5.96,-7.52
268,ligand_625,-10.12,-7.181,-6.725,-10.12,-5.95,1.685,5,-10.12,-5.95,-6.72,-6.24,-6.87
269,ligand_1193,-10.39,-7.117,-6.573,-10.38,-5.43,1.893,5,-10.38,-5.43,-6.69,-6.57,-6.52
270,ligand_1085,-10.19,-7.105,-7.776,-8.72,-4.48,1.751,5,-8.34,-4.48,-8.72,-7.78,-6.22
271,ligand_3588,-10,-6.989,-6.428,-10.04,-5.71,1.733,5,-10.04,-5.71,-6.43,-6.29,-6.47
272,ligand_3814,-10.31,-6.783,-6.122,-10.31,-5.19,2.028,5,-10.31,-5.19,-6.12,-5.82,-6.48
273,ligand_2867,-11,-6.201,-7.392,-10.93,2.00,5.147,5,-9.83,-4.85,-10.93,-7.39,2.00
274,ligand_2847,-10.06,-6.170,-7.703,-10.21,1.83,4.667,5,-10.21,1.83,-6.49,-8.28,-7.70
275,ligand_946,-10.06,-4.631,-5.367,-8.39,2.96,4.580,5,-8.39,-4.34,-5.37,-8.02,2.96
276,ligand_615,-10.05,-3.231,-5.345,-8.20,4.23,5.054,5,-8.20,4.23,-5.34,-6.36,-0.48
277,ligand_7385,-10.19,3.716,-6.191,-8.61,22.36,14.906,5,-6.42,22.36,17.44,-6.19,-8.61
278,ligand_1843,-10.38,3.734,-7.523,-8.20,22.50,15.894,5,-7.83,19.72,22.50,-7.52,-8.20
279,ligand_4446,-10.36,3.918,-6.812,-8.92,24.09,16.221,5,-6.81,24.09,19.03,-7.79,-8.92
