Rank,Ligand,Initial_1VYW_Affinity,Mean_Affinity,Median_Affinity,Best_Affinity,Worst_Affinity,SD_Affinity,Successful_Receptors,Receptor,Affinity
1,ligand_4648,-10.19,-12.49,-12.59,-15.17,-10.21,1.816,5,1VYW,-12.82
1,ligand_4648,-10.19,-12.49,-12.59,-15.17,-10.21,1.816,5,7RWF,-15.17
1,ligand_4648,-10.19,-12.49,-12.59,-15.17,-10.21,1.816,5,5A14,-12.59
1,ligand_4648,-10.19,-12.49,-12.59,-15.17,-10.21,1.816,5,5IF1,-10.21
1,ligand_4648,-10.19,-12.49,-12.59,-15.17,-10.21,1.816,5,1W98,-11.66
2,ligand_4817,-10.19,-12.058,-11.62,-14.84,-10.23,1.722,5,1VYW,-12.28
2,ligand_4817,-10.19,-12.058,-11.62,-14.84,-10.23,1.722,5,7RWF,-14.84
2,ligand_4817,-10.19,-12.058,-11.62,-14.84,-10.23,1.722,5,5A14,-11.32
2,ligand_4817,-10.19,-12.058,-11.62,-14.84,-10.23,1.722,5,5IF1,-10.23
2,ligand_4817,-10.19,-12.058,-11.62,-14.84,-10.23,1.722,5,1W98,-11.62
3,ligand_7444,-11.12,-11.814,-11.16,-13.95,-10.75,1.382,5,1VYW,-11.16
3,ligand_7444,-11.12,-11.814,-11.16,-13.95,-10.75,1.382,5,7RWF,-13.95
3,ligand_7444,-11.12,-11.814,-11.16,-13.95,-10.75,1.382,5,5A14,-12.45
3,ligand_7444,-11.12,-11.814,-11.16,-13.95,-10.75,1.382,5,5IF1,-10.75
3,ligand_7444,-11.12,-11.814,-11.16,-13.95,-10.75,1.382,5,1W98,-10.76
4,ligand_4647,-14.74,-11.702,-11.16,-14.8,-10.11,1.796,5,1VYW,-14.8
4,ligand_4647,-14.74,-11.702,-11.16,-14.8,-10.11,1.796,5,7RWF,-11.16
4,ligand_4647,-14.74,-11.702,-11.16,-14.8,-10.11,1.796,5,5A14,-11.31
4,ligand_4647,-14.74,-11.702,-11.16,-14.8,-10.11,1.796,5,5IF1,-10.11
4,ligand_4647,-14.74,-11.702,-11.16,-14.8,-10.11,1.796,5,1W98,-11.13
5,ligand_4348,-12.39,-11.632,-11.78,-12.5,-10.33,0.9,5,1VYW,-12.38
5,ligand_4348,-12.39,-11.632,-11.78,-12.5,-10.33,0.9,5,7RWF,-12.5
5,ligand_4348,-12.39,-11.632,-11.78,-12.5,-10.33,0.9,5,5A14,-11.78
5,ligand_4348,-12.39,-11.632,-11.78,-12.5,-10.33,0.9,5,5IF1,-10.33
5,ligand_4348,-12.39,-11.632,-11.78,-12.5,-10.33,0.9,5,1W98,-11.17
6,ligand_591,-12.89,-11.531,-12.03,-13.11,-9.63,1.501,5,1VYW,-13.11
6,ligand_591,-12.89,-11.531,-12.03,-13.11,-9.63,1.501,5,7RWF,-12.59
6,ligand_591,-12.89,-11.531,-12.03,-13.11,-9.63,1.501,5,5A14,-12.03
6,ligand_591,-12.89,-11.531,-12.03,-13.11,-9.63,1.501,5,5IF1,-10.29
6,ligand_591,-12.89,-11.531,-12.03,-13.11,-9.63,1.501,5,1W98,-9.63
7,ligand_5808,-14.59,-11.494,-10.82,-14.59,-9.99,1.791,5,1VYW,-14.59
7,ligand_5808,-14.59,-11.494,-10.82,-14.59,-9.99,1.791,5,7RWF,-10.81
7,ligand_5808,-14.59,-11.494,-10.82,-14.59,-9.99,1.791,5,5A14,-11.26
7,ligand_5808,-14.59,-11.494,-10.82,-14.59,-9.99,1.791,5,5IF1,-9.99
7,ligand_5808,-14.59,-11.494,-10.82,-14.59,-9.99,1.791,5,1W98,-10.82
8,ligand_339,-10.21,-11.456,-11.43,-12.4,-10.32,0.78,5,1VYW,-11.9
8,ligand_339,-10.21,-11.456,-11.43,-12.4,-10.32,0.78,5,7RWF,-12.4
8,ligand_339,-10.21,-11.456,-11.43,-12.4,-10.32,0.78,5,5A14,-11.43
8,ligand_339,-10.21,-11.456,-11.43,-12.4,-10.32,0.78,5,5IF1,-10.32
8,ligand_339,-10.21,-11.456,-11.43,-12.4,-10.32,0.78,5,1W98,-11.23
9,ligand_2126,-11.92,-11.454,-11.44,-12.38,-10.31,0.774,5,1VYW,-11.89
9,ligand_2126,-11.92,-11.454,-11.44,-12.38,-10.31,0.774,5,7RWF,-12.38
9,ligand_2126,-11.92,-11.454,-11.44,-12.38,-10.31,0.774,5,5A14,-11.44
9,ligand_2126,-11.92,-11.454,-11.44,-12.38,-10.31,0.774,5,5IF1,-10.31
9,ligand_2126,-11.92,-11.454,-11.44,-12.38,-10.31,0.774,5,1W98,-11.25
10,ligand_4318,-14.14,-11.2,-10.97,-14.24,-9.56,1.832,5,1VYW,-14.24
10,ligand_4318,-14.14,-11.2,-10.97,-14.24,-9.56,1.832,5,7RWF,-9.56
10,ligand_4318,-14.14,-11.2,-10.97,-14.24,-9.56,1.832,5,5A14,-10.97
10,ligand_4318,-14.14,-11.2,-10.97,-14.24,-9.56,1.832,5,5IF1,-10
10,ligand_4318,-14.14,-11.2,-10.97,-14.24,-9.56,1.832,5,1W98,-11.23
11,ligand_5336,-12.59,-11.138,-10.8,-12.43,-9.65,1.132,5,1VYW,-12.43
11,ligand_5336,-12.59,-11.138,-10.8,-12.43,-9.65,1.132,5,7RWF,-10.8
11,ligand_5336,-12.59,-11.138,-10.8,-12.43,-9.65,1.132,5,5A14,-10.7
11,ligand_5336,-12.59,-11.138,-10.8,-12.43,-9.65,1.132,5,5IF1,-9.65
11,ligand_5336,-12.59,-11.138,-10.8,-12.43,-9.65,1.132,5,1W98,-12.11
12,ligand_5600,-14.12,-11.087,-10.81,-14.16,-9.66,1.806,5,1VYW,-14.16
12,ligand_5600,-14.12,-11.087,-10.81,-14.16,-9.66,1.806,5,7RWF,-9.66
12,ligand_5600,-14.12,-11.087,-10.81,-14.16,-9.66,1.806,5,5A14,-10.81
12,ligand_5600,-14.12,-11.087,-10.81,-14.16,-9.66,1.806,5,5IF1,-9.88
12,ligand_5600,-14.12,-11.087,-10.81,-14.16,-9.66,1.806,5,1W98,-10.93
13,ligand_1868,-11.5,-10.498,-10.58,-13.04,-8.58,1.883,5,1VYW,-11.52
13,ligand_1868,-11.5,-10.498,-10.58,-13.04,-8.58,1.883,5,7RWF,-13.04
13,ligand_1868,-11.5,-10.498,-10.58,-13.04,-8.58,1.883,5,5A14,-10.58
13,ligand_1868,-11.5,-10.498,-10.58,-13.04,-8.58,1.883,5,5IF1,-8.78
13,ligand_1868,-11.5,-10.498,-10.58,-13.04,-8.58,1.883,5,1W98,-8.58
14,ligand_5635,-11.62,-10.493,-10.05,-12.58,-8.6,1.604,5,1VYW,-11.65
14,ligand_5635,-11.62,-10.493,-10.05,-12.58,-8.6,1.604,5,7RWF,-9.58
14,ligand_5635,-11.62,-10.493,-10.05,-12.58,-8.6,1.604,5,5A14,-12.58
14,ligand_5635,-11.62,-10.493,-10.05,-12.58,-8.6,1.604,5,5IF1,-8.6
14,ligand_5635,-11.62,-10.493,-10.05,-12.58,-8.6,1.604,5,1W98,-10.05
15,ligand_5694,-10.73,-10.352,-10.78,-12.34,-8.16,1.876,5,1VYW,-10.78
15,ligand_5694,-10.73,-10.352,-10.78,-12.34,-8.16,1.876,5,7RWF,-11.84
15,ligand_5694,-10.73,-10.352,-10.78,-12.34,-8.16,1.876,5,5A14,-12.34
15,ligand_5694,-10.73,-10.352,-10.78,-12.34,-8.16,1.876,5,5IF1,-8.16
15,ligand_5694,-10.73,-10.352,-10.78,-12.34,-8.16,1.876,5,1W98,-8.65
16,ligand_4180,-10.1,-10.126,-10.13,-11.92,-8.26,1.478,5,1VYW,-10.13
16,ligand_4180,-10.1,-10.126,-10.13,-11.92,-8.26,1.478,5,7RWF,-11.17
16,ligand_4180,-10.1,-10.126,-10.13,-11.92,-8.26,1.478,5,5A14,-11.92
16,ligand_4180,-10.1,-10.126,-10.13,-11.92,-8.26,1.478,5,5IF1,-8.26
16,ligand_4180,-10.1,-10.126,-10.13,-11.92,-8.26,1.478,5,1W98,-9.15
17,ligand_4860,-11.19,-10.091,-9.914,-12.15,-8.09,1.617,5,1VYW,-11.19
17,ligand_4860,-11.19,-10.091,-9.914,-12.15,-8.09,1.617,5,7RWF,-9.11
17,ligand_4860,-11.19,-10.091,-9.914,-12.15,-8.09,1.617,5,5A14,-12.15
17,ligand_4860,-11.19,-10.091,-9.914,-12.15,-8.09,1.617,5,5IF1,-8.09
17,ligand_4860,-11.19,-10.091,-9.914,-12.15,-8.09,1.617,5,1W98,-9.91
18,ligand_3510,-10.93,-10.038,-10.62,-12.04,-8.03,1.675,5,1VYW,-10.91
18,ligand_3510,-10.93,-10.038,-10.62,-12.04,-8.03,1.675,5,7RWF,-12.04
18,ligand_3510,-10.93,-10.038,-10.62,-12.04,-8.03,1.675,5,5A14,-10.62
18,ligand_3510,-10.93,-10.038,-10.62,-12.04,-8.03,1.675,5,5IF1,-8.03
18,ligand_3510,-10.93,-10.038,-10.62,-12.04,-8.03,1.675,5,1W98,-8.59
19,ligand_1637,-11.34,-10.02,-10.05,-11.24,-9.13,0.911,5,1VYW,-11.24
19,ligand_1637,-11.34,-10.02,-10.05,-11.24,-9.13,0.911,5,7RWF,-9.14
19,ligand_1637,-11.34,-10.02,-10.05,-11.24,-9.13,0.911,5,5A14,-10.54
19,ligand_1637,-11.34,-10.02,-10.05,-11.24,-9.13,0.911,5,5IF1,-9.13
19,ligand_1637,-11.34,-10.02,-10.05,-11.24,-9.13,0.911,5,1W98,-10.05
20,ligand_7225,-10.71,-9.985,-10.35,-10.7,-8.57,0.895,5,1VYW,-10.7
20,ligand_7225,-10.71,-9.985,-10.35,-10.7,-8.57,0.895,5,7RWF,-10.66
20,ligand_7225,-10.71,-9.985,-10.35,-10.7,-8.57,0.895,5,5A14,-10.35
20,ligand_7225,-10.71,-9.985,-10.35,-10.7,-8.57,0.895,5,5IF1,-8.57
20,ligand_7225,-10.71,-9.985,-10.35,-10.7,-8.57,0.895,5,1W98,-9.64
21,ligand_7017,-10.66,-9.902,-10.36,-10.7,-8.63,0.936,5,1VYW,-10.7
21,ligand_7017,-10.66,-9.902,-10.36,-10.7,-8.63,0.936,5,7RWF,-10.63
21,ligand_7017,-10.66,-9.902,-10.36,-10.7,-8.63,0.936,5,5A14,-10.36
21,ligand_7017,-10.66,-9.902,-10.36,-10.7,-8.63,0.936,5,5IF1,-8.63
21,ligand_7017,-10.66,-9.902,-10.36,-10.7,-8.63,0.936,5,1W98,-9.19
22,ligand_4406,-10.75,-9.877,-10.12,-10.8,-8.54,0.881,5,1VYW,-10.8
22,ligand_4406,-10.75,-9.877,-10.12,-10.8,-8.54,0.881,5,7RWF,-10.41
22,ligand_4406,-10.75,-9.877,-10.12,-10.8,-8.54,0.881,5,5A14,-10.12
22,ligand_4406,-10.75,-9.877,-10.12,-10.8,-8.54,0.881,5,5IF1,-8.54
22,ligand_4406,-10.75,-9.877,-10.12,-10.8,-8.54,0.881,5,1W98,-9.51
23,ligand_7506,-10.65,-9.802,-10.37,-11.41,-7.94,1.447,5,1VYW,-10.63
23,ligand_7506,-10.65,-9.802,-10.37,-11.41,-7.94,1.447,5,7RWF,-10.37
23,ligand_7506,-10.65,-9.802,-10.37,-11.41,-7.94,1.447,5,5A14,-11.41
23,ligand_7506,-10.65,-9.802,-10.37,-11.41,-7.94,1.447,5,5IF1,-7.94
23,ligand_7506,-10.65,-9.802,-10.37,-11.41,-7.94,1.447,5,1W98,-8.66
24,ligand_3870,-11.08,-9.787,-10.44,-11.04,-8.09,1.266,5,1VYW,-11.04
24,ligand_3870,-11.08,-9.787,-10.44,-11.04,-8.09,1.266,5,7RWF,-10.44
24,ligand_3870,-11.08,-9.787,-10.44,-11.04,-8.09,1.266,5,5A14,-10.55
24,ligand_3870,-11.08,-9.787,-10.44,-11.04,-8.09,1.266,5,5IF1,-8.09
24,ligand_3870,-11.08,-9.787,-10.44,-11.04,-8.09,1.266,5,1W98,-8.82
25,ligand_7391,-11.09,-9.764,-10.6,-11.13,-7.94,1.602,5,1VYW,-11.04
25,ligand_7391,-11.09,-9.764,-10.6,-11.13,-7.94,1.602,5,7RWF,-11.13
25,ligand_7391,-11.09,-9.764,-10.6,-11.13,-7.94,1.602,5,5A14,-10.6
25,ligand_7391,-11.09,-9.764,-10.6,-11.13,-7.94,1.602,5,5IF1,-7.94
25,ligand_7391,-11.09,-9.764,-10.6,-11.13,-7.94,1.602,5,1W98,-8.11
26,ligand_4377,-10.52,-9.724,-10.14,-12,-7.57,1.734,5,1VYW,-12
26,ligand_4377,-10.52,-9.724,-10.14,-12,-7.57,1.734,5,7RWF,-10.14
26,ligand_4377,-10.52,-9.724,-10.14,-12,-7.57,1.734,5,5A14,-10.43
26,ligand_4377,-10.52,-9.724,-10.14,-12,-7.57,1.734,5,5IF1,-8.48
26,ligand_4377,-10.52,-9.724,-10.14,-12,-7.57,1.734,5,1W98,-7.57
27,ligand_3263,-10.62,-9.712,-9.786,-10.61,-8.88,0.78,5,1VYW,-10.61
27,ligand_3263,-10.62,-9.712,-9.786,-10.61,-8.88,0.78,5,7RWF,-8.88
27,ligand_3263,-10.62,-9.712,-9.786,-10.61,-8.88,0.78,5,5A14,-10.32
27,ligand_3263,-10.62,-9.712,-9.786,-10.61,-8.88,0.78,5,5IF1,-8.96
27,ligand_3263,-10.62,-9.712,-9.786,-10.61,-8.88,0.78,5,1W98,-9.79
28,ligand_3134,-10.7,-9.699,-10.59,-10.96,-7.78,1.473,5,1VYW,-10.72
28,ligand_3134,-10.7,-9.699,-10.59,-10.96,-7.78,1.473,5,7RWF,-10.96
28,ligand_3134,-10.7,-9.699,-10.59,-10.96,-7.78,1.473,5,5A14,-10.59
28,ligand_3134,-10.7,-9.699,-10.59,-10.96,-7.78,1.473,5,5IF1,-7.78
28,ligand_3134,-10.7,-9.699,-10.59,-10.96,-7.78,1.473,5,1W98,-8.45
29,ligand_3855,-10.69,-9.697,-9.732,-11.28,-8.17,1.331,5,1VYW,-10.71
29,ligand_3855,-10.69,-9.697,-9.732,-11.28,-8.17,1.331,5,7RWF,-11.28
29,ligand_3855,-10.69,-9.697,-9.732,-11.28,-8.17,1.331,5,5A14,-9.73
29,ligand_3855,-10.69,-9.697,-9.732,-11.28,-8.17,1.331,5,5IF1,-8.17
29,ligand_3855,-10.69,-9.697,-9.732,-11.28,-8.17,1.331,5,1W98,-8.59
30,ligand_6031,-10.6,-9.694,-10.52,-11.19,-7.77,1.512,5,1VYW,-10.6
30,ligand_6031,-10.6,-9.694,-10.52,-11.19,-7.77,1.512,5,7RWF,-11.19
30,ligand_6031,-10.6,-9.694,-10.52,-11.19,-7.77,1.512,5,5A14,-10.52
30,ligand_6031,-10.6,-9.694,-10.52,-11.19,-7.77,1.512,5,5IF1,-8.39
30,ligand_6031,-10.6,-9.694,-10.52,-11.19,-7.77,1.512,5,1W98,-7.77
31,ligand_345,-10.15,-9.682,-10.14,-11.76,-7.62,1.703,5,1VYW,-10.14
31,ligand_345,-10.15,-9.682,-10.14,-11.76,-7.62,1.703,5,7RWF,-10.61
31,ligand_345,-10.15,-9.682,-10.14,-11.76,-7.62,1.703,5,5A14,-11.76
31,ligand_345,-10.15,-9.682,-10.14,-11.76,-7.62,1.703,5,5IF1,-7.62
31,ligand_345,-10.15,-9.682,-10.14,-11.76,-7.62,1.703,5,1W98,-8.28
32,ligand_6508,-10.28,-9.682,-9.775,-12.21,-7.73,1.766,5,1VYW,-10.36
32,ligand_6508,-10.28,-9.682,-9.775,-12.21,-7.73,1.766,5,7RWF,-12.21
32,ligand_6508,-10.28,-9.682,-9.775,-12.21,-7.73,1.766,5,5A14,-9.78
32,ligand_6508,-10.28,-9.682,-9.775,-12.21,-7.73,1.766,5,5IF1,-7.73
32,ligand_6508,-10.28,-9.682,-9.775,-12.21,-7.73,1.766,5,1W98,-8.33
33,ligand_50,-10.5,-9.679,-10.05,-11.09,-8.23,1.277,5,1VYW,-10.05
33,ligand_50,-10.5,-9.679,-10.05,-11.09,-8.23,1.277,5,7RWF,-11.09
33,ligand_50,-10.5,-9.679,-10.05,-11.09,-8.23,1.277,5,5A14,-10.57
33,ligand_50,-10.5,-9.679,-10.05,-11.09,-8.23,1.277,5,5IF1,-8.46
33,ligand_50,-10.5,-9.679,-10.05,-11.09,-8.23,1.277,5,1W98,-8.23
34,ligand_3155,-10.77,-9.67,-10.45,-11.2,-7.52,1.611,5,1VYW,-10.77
34,ligand_3155,-10.77,-9.67,-10.45,-11.2,-7.52,1.611,5,7RWF,-11.2
34,ligand_3155,-10.77,-9.67,-10.45,-11.2,-7.52,1.611,5,5A14,-10.45
34,ligand_3155,-10.77,-9.67,-10.45,-11.2,-7.52,1.611,5,5IF1,-7.52
34,ligand_3155,-10.77,-9.67,-10.45,-11.2,-7.52,1.611,5,1W98,-8.41
35,ligand_7629,-11.13,-9.668,-11.13,-12.32,-6.21,2.672,5,1VYW,-11.13
35,ligand_7629,-11.13,-9.668,-11.13,-12.32,-6.21,2.672,5,7RWF,-12.32
35,ligand_7629,-11.13,-9.668,-11.13,-12.32,-6.21,2.672,5,5A14,-11.24
35,ligand_7629,-11.13,-9.668,-11.13,-12.32,-6.21,2.672,5,5IF1,-6.21
35,ligand_7629,-11.13,-9.668,-11.13,-12.32,-6.21,2.672,5,1W98,-7.43
36,ligand_2415,-11.76,-9.665,-9.705,-11.48,-8.37,1.206,5,1VYW,-11.48
36,ligand_2415,-11.76,-9.665,-9.705,-11.48,-8.37,1.206,5,7RWF,-8.37
36,ligand_2415,-11.76,-9.665,-9.705,-11.48,-8.37,1.206,5,5A14,-8.8
36,ligand_2415,-11.76,-9.665,-9.705,-11.48,-8.37,1.206,5,5IF1,-9.71
36,ligand_2415,-11.76,-9.665,-9.705,-11.48,-8.37,1.206,5,1W98,-9.97
37,ligand_6039,-10.5,-9.634,-10.19,-11.06,-7.83,1.363,5,1VYW,-10.5
37,ligand_6039,-10.5,-9.634,-10.19,-11.06,-7.83,1.363,5,7RWF,-11.06
37,ligand_6039,-10.5,-9.634,-10.19,-11.06,-7.83,1.363,5,5A14,-10.19
37,ligand_6039,-10.5,-9.634,-10.19,-11.06,-7.83,1.363,5,5IF1,-7.83
37,ligand_6039,-10.5,-9.634,-10.19,-11.06,-7.83,1.363,5,1W98,-8.59
38,ligand_5529,-10.73,-9.581,-10.56,-10.79,-7.67,1.47,5,1VYW,-10.56
38,ligand_5529,-10.73,-9.581,-10.56,-10.79,-7.67,1.47,5,7RWF,-10.57
38,ligand_5529,-10.73,-9.581,-10.56,-10.79,-7.67,1.47,5,5A14,-10.79
38,ligand_5529,-10.73,-9.581,-10.56,-10.79,-7.67,1.47,5,5IF1,-7.67
38,ligand_5529,-10.73,-9.581,-10.56,-10.79,-7.67,1.47,5,1W98,-8.31
39,ligand_4726,-10.28,-9.568,-10.24,-10.82,-7.94,1.311,5,1VYW,-10.46
39,ligand_4726,-10.28,-9.568,-10.24,-10.82,-7.94,1.311,5,7RWF,-10.24
39,ligand_4726,-10.28,-9.568,-10.24,-10.82,-7.94,1.311,5,5A14,-10.82
39,ligand_4726,-10.28,-9.568,-10.24,-10.82,-7.94,1.311,5,5IF1,-7.94
39,ligand_4726,-10.28,-9.568,-10.24,-10.82,-7.94,1.311,5,1W98,-8.38
40,ligand_4392,-10.29,-9.549,-10.4,-11.16,-7.46,1.652,5,1VYW,-10.4
40,ligand_4392,-10.29,-9.549,-10.4,-11.16,-7.46,1.652,5,7RWF,-10.62
40,ligand_4392,-10.29,-9.549,-10.4,-11.16,-7.46,1.652,5,5A14,-11.16
40,ligand_4392,-10.29,-9.549,-10.4,-11.16,-7.46,1.652,5,5IF1,-7.46
40,ligand_4392,-10.29,-9.549,-10.4,-11.16,-7.46,1.652,5,1W98,-8.11
41,ligand_92,-10.97,-9.537,-9.048,-10.86,-8.68,1.005,5,1VYW,-10.86
41,ligand_92,-10.97,-9.537,-9.048,-10.86,-8.68,1.005,5,7RWF,-10.36
41,ligand_92,-10.97,-9.537,-9.048,-10.86,-8.68,1.005,5,5A14,-9.05
41,ligand_92,-10.97,-9.537,-9.048,-10.86,-8.68,1.005,5,5IF1,-8.68
41,ligand_92,-10.97,-9.537,-9.048,-10.86,-8.68,1.005,5,1W98,-8.74
42,ligand_6640,-10.53,-9.531,-10.42,-10.72,-7.9,1.459,5,1VYW,-10.64
42,ligand_6640,-10.53,-9.531,-10.42,-10.72,-7.9,1.459,5,7RWF,-10.72
42,ligand_6640,-10.53,-9.531,-10.42,-10.72,-7.9,1.459,5,5A14,-10.42
42,ligand_6640,-10.53,-9.531,-10.42,-10.72,-7.9,1.459,5,5IF1,-7.98
42,ligand_6640,-10.53,-9.531,-10.42,-10.72,-7.9,1.459,5,1W98,-7.9
43,ligand_1509,-11.81,-9.527,-9.006,-11.8,-7.64,1.593,5,1VYW,-11.8
43,ligand_1509,-11.81,-9.527,-9.006,-11.8,-7.64,1.593,5,7RWF,-10.35
43,ligand_1509,-11.81,-9.527,-9.006,-11.8,-7.64,1.593,5,5A14,-9.01
43,ligand_1509,-11.81,-9.527,-9.006,-11.8,-7.64,1.593,5,5IF1,-7.64
43,ligand_1509,-11.81,-9.527,-9.006,-11.8,-7.64,1.593,5,1W98,-8.84
44,ligand_1811,-10.57,-9.521,-10.6,-10.72,-7.09,1.631,5,1VYW,-10.6
44,ligand_1811,-10.57,-9.521,-10.6,-10.72,-7.09,1.631,5,7RWF,-10.72
44,ligand_1811,-10.57,-9.521,-10.6,-10.72,-7.09,1.631,5,5A14,-10.63
44,ligand_1811,-10.57,-9.521,-10.6,-10.72,-7.09,1.631,5,5IF1,-7.09
44,ligand_1811,-10.57,-9.521,-10.6,-10.72,-7.09,1.631,5,1W98,-8.56
45,ligand_189,-10.83,-9.483,-9.79,-10.97,-8.11,1.101,5,1VYW,-10.97
45,ligand_189,-10.83,-9.483,-9.79,-10.97,-8.11,1.101,5,7RWF,-9.79
45,ligand_189,-10.83,-9.483,-9.79,-10.97,-8.11,1.101,5,5A14,-9.81
45,ligand_189,-10.83,-9.483,-9.79,-10.97,-8.11,1.101,5,5IF1,-8.11
45,ligand_189,-10.83,-9.483,-9.79,-10.97,-8.11,1.101,5,1W98,-8.73
46,ligand_3739,-10.49,-9.48,-10.22,-10.51,-8.08,1.27,5,1VYW,-10.51
46,ligand_3739,-10.49,-9.48,-10.22,-10.51,-8.08,1.27,5,7RWF,-10.48
46,ligand_3739,-10.49,-9.48,-10.22,-10.51,-8.08,1.27,5,5A14,-10.22
46,ligand_3739,-10.49,-9.48,-10.22,-10.51,-8.08,1.27,5,5IF1,-8.11
46,ligand_3739,-10.49,-9.48,-10.22,-10.51,-8.08,1.27,5,1W98,-8.08
47,ligand_2048,-10.92,-9.459,-9.702,-10.96,-8.11,1.085,5,1VYW,-10.96
47,ligand_2048,-10.92,-9.459,-9.702,-10.96,-8.11,1.085,5,7RWF,-9.7
47,ligand_2048,-10.92,-9.459,-9.702,-10.96,-8.11,1.085,5,5A14,-9.77
47,ligand_2048,-10.92,-9.459,-9.702,-10.96,-8.11,1.085,5,5IF1,-8.11
47,ligand_2048,-10.92,-9.459,-9.702,-10.96,-8.11,1.085,5,1W98,-8.76
48,ligand_3748,-10.4,-9.458,-10.02,-10.55,-7.55,1.29,5,1VYW,-10.44
48,ligand_3748,-10.4,-9.458,-10.02,-10.55,-7.55,1.29,5,7RWF,-10.55
48,ligand_3748,-10.4,-9.458,-10.02,-10.55,-7.55,1.29,5,5A14,-10.02
48,ligand_3748,-10.4,-9.458,-10.02,-10.55,-7.55,1.29,5,5IF1,-7.55
48,ligand_3748,-10.4,-9.458,-10.02,-10.55,-7.55,1.29,5,1W98,-8.73
49,ligand_5350,-10.76,-9.455,-8.926,-11.52,-7.66,1.617,5,1VYW,-10.74
49,ligand_5350,-10.76,-9.455,-8.926,-11.52,-7.66,1.617,5,7RWF,-11.52
49,ligand_5350,-10.76,-9.455,-8.926,-11.52,-7.66,1.617,5,5A14,-8.93
49,ligand_5350,-10.76,-9.455,-8.926,-11.52,-7.66,1.617,5,5IF1,-7.66
49,ligand_5350,-10.76,-9.455,-8.926,-11.52,-7.66,1.617,5,1W98,-8.43
50,ligand_7218,-10.18,-9.441,-9.545,-10.78,-7.54,1.231,5,1VYW,-10.19
50,ligand_7218,-10.18,-9.441,-9.545,-10.78,-7.54,1.231,5,7RWF,-10.78
50,ligand_7218,-10.18,-9.441,-9.545,-10.78,-7.54,1.231,5,5A14,-9.54
50,ligand_7218,-10.18,-9.441,-9.545,-10.78,-7.54,1.231,5,5IF1,-7.54
50,ligand_7218,-10.18,-9.441,-9.545,-10.78,-7.54,1.231,5,1W98,-9.15
51,ligand_112,-10.31,-9.438,-10.38,-10.76,-7.21,1.55,5,1VYW,-10.38
51,ligand_112,-10.31,-9.438,-10.38,-10.76,-7.21,1.55,5,7RWF,-10.42
51,ligand_112,-10.31,-9.438,-10.38,-10.76,-7.21,1.55,5,5A14,-10.76
51,ligand_112,-10.31,-9.438,-10.38,-10.76,-7.21,1.55,5,5IF1,-7.21
51,ligand_112,-10.31,-9.438,-10.38,-10.76,-7.21,1.55,5,1W98,-8.42
52,ligand_382,-10.23,-9.41,-9.951,-10.41,-7.98,1.109,5,1VYW,-10.24
52,ligand_382,-10.23,-9.41,-9.951,-10.41,-7.98,1.109,5,7RWF,-10.41
52,ligand_382,-10.23,-9.41,-9.951,-10.41,-7.98,1.109,5,5A14,-9.95
52,ligand_382,-10.23,-9.41,-9.951,-10.41,-7.98,1.109,5,5IF1,-7.98
52,ligand_382,-10.23,-9.41,-9.951,-10.41,-7.98,1.109,5,1W98,-8.47
53,ligand_4583,-10.27,-9.405,-9.358,-10.7,-8.25,1.082,5,1VYW,-10.27
53,ligand_4583,-10.27,-9.405,-9.358,-10.7,-8.25,1.082,5,7RWF,-9.36
53,ligand_4583,-10.27,-9.405,-9.358,-10.7,-8.25,1.082,5,5A14,-10.7
53,ligand_4583,-10.27,-9.405,-9.358,-10.7,-8.25,1.082,5,5IF1,-8.25
53,ligand_4583,-10.27,-9.405,-9.358,-10.7,-8.25,1.082,5,1W98,-8.44
54,ligand_4042,-10.17,-9.384,-9.629,-10.93,-7.13,1.439,5,1VYW,-10.19
54,ligand_4042,-10.17,-9.384,-9.629,-10.93,-7.13,1.439,5,7RWF,-9.63
54,ligand_4042,-10.17,-9.384,-9.629,-10.93,-7.13,1.439,5,5A14,-10.93
54,ligand_4042,-10.17,-9.384,-9.629,-10.93,-7.13,1.439,5,5IF1,-7.13
54,ligand_4042,-10.17,-9.384,-9.629,-10.93,-7.13,1.439,5,1W98,-9.04
55,ligand_2780,-10.14,-9.38,-10.02,-11.77,-7.42,1.861,5,1VYW,-10.02
55,ligand_2780,-10.14,-9.38,-10.02,-11.77,-7.42,1.861,5,7RWF,-11.77
55,ligand_2780,-10.14,-9.38,-10.02,-11.77,-7.42,1.861,5,5A14,-10.13
55,ligand_2780,-10.14,-9.38,-10.02,-11.77,-7.42,1.861,5,5IF1,-7.42
55,ligand_2780,-10.14,-9.38,-10.02,-11.77,-7.42,1.861,5,1W98,-7.56
56,ligand_6098,-10.35,-9.365,-9.995,-10.36,-7.96,1.184,5,1VYW,-10.31
56,ligand_6098,-10.35,-9.365,-9.995,-10.36,-7.96,1.184,5,7RWF,-10.36
56,ligand_6098,-10.35,-9.365,-9.995,-10.36,-7.96,1.184,5,5A14,-9.99
56,ligand_6098,-10.35,-9.365,-9.995,-10.36,-7.96,1.184,5,5IF1,-8.2
56,ligand_6098,-10.35,-9.365,-9.995,-10.36,-7.96,1.184,5,1W98,-7.96
57,ligand_1542,-10.51,-9.36,-9.181,-12.53,-7.21,2.064,5,1VYW,-9.94
57,ligand_1542,-10.51,-9.36,-9.181,-12.53,-7.21,2.064,5,7RWF,-7.95
57,ligand_1542,-10.51,-9.36,-9.181,-12.53,-7.21,2.064,5,5A14,-12.53
57,ligand_1542,-10.51,-9.36,-9.181,-12.53,-7.21,2.064,5,5IF1,-9.18
57,ligand_1542,-10.51,-9.36,-9.181,-12.53,-7.21,2.064,5,1W98,-7.21
58,ligand_6004,-10.93,-9.344,-8.754,-11.1,-7.58,1.58,5,1VYW,-10.92
58,ligand_6004,-10.93,-9.344,-8.754,-11.1,-7.58,1.58,5,7RWF,-11.1
58,ligand_6004,-10.93,-9.344,-8.754,-11.1,-7.58,1.58,5,5A14,-8.75
58,ligand_6004,-10.93,-9.344,-8.754,-11.1,-7.58,1.58,5,5IF1,-7.58
58,ligand_6004,-10.93,-9.344,-8.754,-11.1,-7.58,1.58,5,1W98,-8.37
59,ligand_65,-10.1,-9.341,-9.717,-10.31,-7.99,0.982,5,1VYW,-10.03
59,ligand_65,-10.1,-9.341,-9.717,-10.31,-7.99,0.982,5,7RWF,-9.72
59,ligand_65,-10.1,-9.341,-9.717,-10.31,-7.99,0.982,5,5A14,-10.31
59,ligand_65,-10.1,-9.341,-9.717,-10.31,-7.99,0.982,5,5IF1,-7.99
59,ligand_65,-10.1,-9.341,-9.717,-10.31,-7.99,0.982,5,1W98,-8.66
60,ligand_2398,-10.41,-9.337,-10.34,-10.78,-7.11,1.655,5,1VYW,-10.34
60,ligand_2398,-10.41,-9.337,-10.34,-10.78,-7.11,1.655,5,7RWF,-10.43
60,ligand_2398,-10.41,-9.337,-10.34,-10.78,-7.11,1.655,5,5A14,-10.78
60,ligand_2398,-10.41,-9.337,-10.34,-10.78,-7.11,1.655,5,5IF1,-7.11
60,ligand_2398,-10.41,-9.337,-10.34,-10.78,-7.11,1.655,5,1W98,-8.02
61,ligand_3851,-11.17,-9.337,-9.634,-11.26,-7.93,1.354,5,1VYW,-11.26
61,ligand_3851,-11.17,-9.337,-9.634,-11.26,-7.93,1.354,5,7RWF,-9.72
61,ligand_3851,-11.17,-9.337,-9.634,-11.26,-7.93,1.354,5,5A14,-9.63
61,ligand_3851,-11.17,-9.337,-9.634,-11.26,-7.93,1.354,5,5IF1,-8.14
61,ligand_3851,-11.17,-9.337,-9.634,-11.26,-7.93,1.354,5,1W98,-7.93
62,ligand_4262,-10.09,-9.335,-10.15,-10.99,-6.9,1.682,5,1VYW,-10.15
62,ligand_4262,-10.09,-9.335,-10.15,-10.99,-6.9,1.682,5,7RWF,-10.99
62,ligand_4262,-10.09,-9.335,-10.15,-10.99,-6.9,1.682,5,5A14,-10.31
62,ligand_4262,-10.09,-9.335,-10.15,-10.99,-6.9,1.682,5,5IF1,-6.9
62,ligand_4262,-10.09,-9.335,-10.15,-10.99,-6.9,1.682,5,1W98,-8.33
63,ligand_2664,-10.69,-9.332,-10.44,-10.73,-7.02,1.751,5,1VYW,-10.6
63,ligand_2664,-10.69,-9.332,-10.44,-10.73,-7.02,1.751,5,7RWF,-10.73
63,ligand_2664,-10.69,-9.332,-10.44,-10.73,-7.02,1.751,5,5A14,-10.44
63,ligand_2664,-10.69,-9.332,-10.44,-10.73,-7.02,1.751,5,5IF1,-7.02
63,ligand_2664,-10.69,-9.332,-10.44,-10.73,-7.02,1.751,5,1W98,-7.87
64,ligand_7155,-10.2,-9.331,-10.15,-10.59,-7.04,1.552,5,1VYW,-10.15
64,ligand_7155,-10.2,-9.331,-10.15,-10.59,-7.04,1.552,5,7RWF,-10.59
64,ligand_7155,-10.2,-9.331,-10.15,-10.59,-7.04,1.552,5,5A14,-10.46
64,ligand_7155,-10.2,-9.331,-10.15,-10.59,-7.04,1.552,5,5IF1,-7.04
64,ligand_7155,-10.2,-9.331,-10.15,-10.59,-7.04,1.552,5,1W98,-8.42
65,ligand_5729,-10.31,-9.323,-10.33,-10.74,-7.18,1.692,5,1VYW,-10.33
65,ligand_5729,-10.31,-9.323,-10.33,-10.74,-7.18,1.692,5,7RWF,-10.74
65,ligand_5729,-10.31,-9.323,-10.33,-10.74,-7.18,1.692,5,5A14,-10.56
65,ligand_5729,-10.31,-9.323,-10.33,-10.74,-7.18,1.692,5,5IF1,-7.18
65,ligand_5729,-10.31,-9.323,-10.33,-10.74,-7.18,1.692,5,1W98,-7.8
66,ligand_2615,-10.77,-9.323,-9.926,-10.28,-6.75,1.463,5,1VYW,-9.93
66,ligand_2615,-10.77,-9.323,-9.926,-10.28,-6.75,1.463,5,7RWF,-10.11
66,ligand_2615,-10.77,-9.323,-9.926,-10.28,-6.75,1.463,5,5A14,-10.28
66,ligand_2615,-10.77,-9.323,-9.926,-10.28,-6.75,1.463,5,5IF1,-6.75
66,ligand_2615,-10.77,-9.323,-9.926,-10.28,-6.75,1.463,5,1W98,-9.55
67,ligand_3957,-10.74,-9.321,-9.109,-10.78,-8.19,0.96,5,1VYW,-10.78
67,ligand_3957,-10.74,-9.321,-9.109,-10.78,-8.19,0.96,5,7RWF,-9.6
67,ligand_3957,-10.74,-9.321,-9.109,-10.78,-8.19,0.96,5,5A14,-9.11
67,ligand_3957,-10.74,-9.321,-9.109,-10.78,-8.19,0.96,5,5IF1,-8.19
67,ligand_3957,-10.74,-9.321,-9.109,-10.78,-8.19,0.96,5,1W98,-8.93
68,ligand_3391,-10.05,-9.319,-10.06,-11.18,-7.25,1.66,5,1VYW,-10.06
68,ligand_3391,-10.05,-9.319,-10.06,-11.18,-7.25,1.66,5,7RWF,-11.18
68,ligand_3391,-10.05,-9.319,-10.06,-11.18,-7.25,1.66,5,5A14,-10.19
68,ligand_3391,-10.05,-9.319,-10.06,-11.18,-7.25,1.66,5,5IF1,-7.25
68,ligand_3391,-10.05,-9.319,-10.06,-11.18,-7.25,1.66,5,1W98,-7.92
69,ligand_6813,-10.29,-9.318,-9.651,-10.54,-7.89,1.216,5,1VYW,-10.32
69,ligand_6813,-10.29,-9.318,-9.651,-10.54,-7.89,1.216,5,7RWF,-10.54
69,ligand_6813,-10.29,-9.318,-9.651,-10.54,-7.89,1.216,5,5A14,-9.65
69,ligand_6813,-10.29,-9.318,-9.651,-10.54,-7.89,1.216,5,5IF1,-7.89
69,ligand_6813,-10.29,-9.318,-9.651,-10.54,-7.89,1.216,5,1W98,-8.18
70,ligand_4832,-10.28,-9.317,-8.974,-10.88,-8.22,1.199,5,1VYW,-10.25
70,ligand_4832,-10.28,-9.317,-8.974,-10.88,-8.22,1.199,5,7RWF,-10.88
70,ligand_4832,-10.28,-9.317,-8.974,-10.88,-8.22,1.199,5,5A14,-8.97
70,ligand_4832,-10.28,-9.317,-8.974,-10.88,-8.22,1.199,5,5IF1,-8.22
70,ligand_4832,-10.28,-9.317,-8.974,-10.88,-8.22,1.199,5,1W98,-8.26
71,ligand_3332,-10.55,-9.311,-9.673,-10.71,-7.59,1.386,5,1VYW,-10.44
71,ligand_3332,-10.55,-9.311,-9.673,-10.71,-7.59,1.386,5,7RWF,-10.71
71,ligand_3332,-10.55,-9.311,-9.673,-10.71,-7.59,1.386,5,5A14,-9.67
71,ligand_3332,-10.55,-9.311,-9.673,-10.71,-7.59,1.386,5,5IF1,-7.59
71,ligand_3332,-10.55,-9.311,-9.673,-10.71,-7.59,1.386,5,1W98,-8.14
72,ligand_973,-11.44,-9.3,-9.136,-11.21,-7.89,1.203,5,1VYW,-11.21
72,ligand_973,-11.44,-9.3,-9.136,-11.21,-7.89,1.203,5,7RWF,-8.94
72,ligand_973,-11.44,-9.3,-9.136,-11.21,-7.89,1.203,5,5A14,-9.14
72,ligand_973,-11.44,-9.3,-9.136,-11.21,-7.89,1.203,5,5IF1,-7.89
72,ligand_973,-11.44,-9.3,-9.136,-11.21,-7.89,1.203,5,1W98,-9.32
73,ligand_6608,-11.45,-9.299,-9.025,-11.45,-7.74,1.437,5,1VYW,-11.45
73,ligand_6608,-11.45,-9.299,-9.025,-11.45,-7.74,1.437,5,7RWF,-9.87
73,ligand_6608,-11.45,-9.299,-9.025,-11.45,-7.74,1.437,5,5A14,-9.03
73,ligand_6608,-11.45,-9.299,-9.025,-11.45,-7.74,1.437,5,5IF1,-7.74
73,ligand_6608,-11.45,-9.299,-9.025,-11.45,-7.74,1.437,5,1W98,-8.41
74,ligand_5813,-10.16,-9.298,-10.18,-10.54,-7.01,1.525,5,1VYW,-10.31
74,ligand_5813,-10.16,-9.298,-10.18,-10.54,-7.01,1.525,5,7RWF,-10.18
74,ligand_5813,-10.16,-9.298,-10.18,-10.54,-7.01,1.525,5,5A14,-10.54
74,ligand_5813,-10.16,-9.298,-10.18,-10.54,-7.01,1.525,5,5IF1,-7.01
74,ligand_5813,-10.16,-9.298,-10.18,-10.54,-7.01,1.525,5,1W98,-8.45
75,ligand_6718,-10.41,-9.297,-10.11,-10.51,-7.24,1.481,5,1VYW,-10.51
75,ligand_6718,-10.41,-9.297,-10.11,-10.51,-7.24,1.481,5,7RWF,-10.11
75,ligand_6718,-10.41,-9.297,-10.11,-10.51,-7.24,1.481,5,5A14,-10.41
75,ligand_6718,-10.41,-9.297,-10.11,-10.51,-7.24,1.481,5,5IF1,-7.24
75,ligand_6718,-10.41,-9.297,-10.11,-10.51,-7.24,1.481,5,1W98,-8.22
76,ligand_1165,-10.53,-9.292,-10.35,-10.54,-7.32,1.601,5,1VYW,-10.54
76,ligand_1165,-10.53,-9.292,-10.35,-10.54,-7.32,1.601,5,7RWF,-10.47
76,ligand_1165,-10.53,-9.292,-10.35,-10.54,-7.32,1.601,5,5A14,-10.35
76,ligand_1165,-10.53,-9.292,-10.35,-10.54,-7.32,1.601,5,5IF1,-7.32
76,ligand_1165,-10.53,-9.292,-10.35,-10.54,-7.32,1.601,5,1W98,-7.78
77,ligand_6143,-10.34,-9.289,-8.697,-11.17,-7.82,1.431,5,1VYW,-10.41
77,ligand_6143,-10.34,-9.289,-8.697,-11.17,-7.82,1.431,5,7RWF,-11.17
77,ligand_6143,-10.34,-9.289,-8.697,-11.17,-7.82,1.431,5,5A14,-8.7
77,ligand_6143,-10.34,-9.289,-8.697,-11.17,-7.82,1.431,5,5IF1,-7.82
77,ligand_6143,-10.34,-9.289,-8.697,-11.17,-7.82,1.431,5,1W98,-8.35
78,ligand_1869,-10.12,-9.288,-10.03,-10.11,-7.31,1.214,5,1VYW,-10.11
78,ligand_1869,-10.12,-9.288,-10.03,-10.11,-7.31,1.214,5,7RWF,-10.03
78,ligand_1869,-10.12,-9.288,-10.03,-10.11,-7.31,1.214,5,5A14,-10.07
78,ligand_1869,-10.12,-9.288,-10.03,-10.11,-7.31,1.214,5,5IF1,-7.31
78,ligand_1869,-10.12,-9.288,-10.03,-10.11,-7.31,1.214,5,1W98,-8.92
79,ligand_4275,-10.5,-9.276,-10.07,-10.51,-7.22,1.465,5,1VYW,-10.51
79,ligand_4275,-10.5,-9.276,-10.07,-10.51,-7.22,1.465,5,7RWF,-10.07
79,ligand_4275,-10.5,-9.276,-10.07,-10.51,-7.22,1.465,5,5A14,-10.34
79,ligand_4275,-10.5,-9.276,-10.07,-10.51,-7.22,1.465,5,5IF1,-7.22
79,ligand_4275,-10.5,-9.276,-10.07,-10.51,-7.22,1.465,5,1W98,-8.24
80,ligand_5542,-10.96,-9.269,-9.181,-10.95,-7.79,1.242,5,1VYW,-10.95
80,ligand_5542,-10.96,-9.269,-9.181,-10.95,-7.79,1.242,5,7RWF,-9.97
80,ligand_5542,-10.96,-9.269,-9.181,-10.95,-7.79,1.242,5,5A14,-9.18
80,ligand_5542,-10.96,-9.269,-9.181,-10.95,-7.79,1.242,5,5IF1,-7.79
80,ligand_5542,-10.96,-9.269,-9.181,-10.95,-7.79,1.242,5,1W98,-8.45
81,ligand_7151,-10.04,-9.267,-9.934,-10.59,-7.27,1.389,5,1VYW,-10.15
81,ligand_7151,-10.04,-9.267,-9.934,-10.59,-7.27,1.389,5,7RWF,-10.59
81,ligand_7151,-10.04,-9.267,-9.934,-10.59,-7.27,1.389,5,5A14,-9.93
81,ligand_7151,-10.04,-9.267,-9.934,-10.59,-7.27,1.389,5,5IF1,-7.27
81,ligand_7151,-10.04,-9.267,-9.934,-10.59,-7.27,1.389,5,1W98,-8.39
82,ligand_4848,-10.39,-9.267,-10.15,-10.44,-6.62,1.644,5,1VYW,-10.44
82,ligand_4848,-10.39,-9.267,-10.15,-10.44,-6.62,1.644,5,7RWF,-10.42
82,ligand_4848,-10.39,-9.267,-10.15,-10.44,-6.62,1.644,5,5A14,-10.15
82,ligand_4848,-10.39,-9.267,-10.15,-10.44,-6.62,1.644,5,5IF1,-6.62
82,ligand_4848,-10.39,-9.267,-10.15,-10.44,-6.62,1.644,5,1W98,-8.71
83,ligand_5790,-11.26,-9.265,-8.786,-11.3,-8.47,1.163,5,1VYW,-11.3
83,ligand_5790,-11.26,-9.265,-8.786,-11.3,-8.47,1.163,5,7RWF,-8.64
83,ligand_5790,-11.26,-9.265,-8.786,-11.3,-8.47,1.163,5,5A14,-8.79
83,ligand_5790,-11.26,-9.265,-8.786,-11.3,-8.47,1.163,5,5IF1,-8.47
83,ligand_5790,-11.26,-9.265,-8.786,-11.3,-8.47,1.163,5,1W98,-9.13
84,ligand_1354,-10.07,-9.257,-10.1,-11.01,-6.95,1.741,5,1VYW,-10.1
84,ligand_1354,-10.07,-9.257,-10.1,-11.01,-6.95,1.741,5,7RWF,-11.01
84,ligand_1354,-10.07,-9.257,-10.1,-11.01,-6.95,1.741,5,5A14,-10.33
84,ligand_1354,-10.07,-9.257,-10.1,-11.01,-6.95,1.741,5,5IF1,-6.95
84,ligand_1354,-10.07,-9.257,-10.1,-11.01,-6.95,1.741,5,1W98,-7.9
85,ligand_4032,-10.13,-9.251,-10.16,-11.04,-6.41,2.059,5,1VYW,-10.16
85,ligand_4032,-10.13,-9.251,-10.16,-11.04,-6.41,2.059,5,7RWF,-11.04
85,ligand_4032,-10.13,-9.251,-10.16,-11.04,-6.41,2.059,5,5A14,-10.88
85,ligand_4032,-10.13,-9.251,-10.16,-11.04,-6.41,2.059,5,5IF1,-6.41
85,ligand_4032,-10.13,-9.251,-10.16,-11.04,-6.41,2.059,5,1W98,-7.77
86,ligand_4034,-10.89,-9.251,-9.559,-10.88,-7.56,1.294,5,1VYW,-10.88
86,ligand_4034,-10.89,-9.251,-9.559,-10.88,-7.56,1.294,5,7RWF,-9.56
86,ligand_4034,-10.89,-9.251,-9.559,-10.88,-7.56,1.294,5,5A14,-9.86
86,ligand_4034,-10.89,-9.251,-9.559,-10.88,-7.56,1.294,5,5IF1,-7.56
86,ligand_4034,-10.89,-9.251,-9.559,-10.88,-7.56,1.294,5,1W98,-8.4
87,ligand_7214,-10.05,-9.248,-10.11,-11.01,-6.91,1.754,5,1VYW,-10.11
87,ligand_7214,-10.05,-9.248,-10.11,-11.01,-6.91,1.754,5,7RWF,-11.01
87,ligand_7214,-10.05,-9.248,-10.11,-11.01,-6.91,1.754,5,5A14,-10.32
87,ligand_7214,-10.05,-9.248,-10.11,-11.01,-6.91,1.754,5,5IF1,-6.91
87,ligand_7214,-10.05,-9.248,-10.11,-11.01,-6.91,1.754,5,1W98,-7.89
88,ligand_2639,-10.65,-9.245,-10.17,-10.58,-7.16,1.518,5,1VYW,-10.21
88,ligand_2639,-10.65,-9.245,-10.17,-10.58,-7.16,1.518,5,7RWF,-10.17
88,ligand_2639,-10.65,-9.245,-10.17,-10.58,-7.16,1.518,5,5A14,-10.58
88,ligand_2639,-10.65,-9.245,-10.17,-10.58,-7.16,1.518,5,5IF1,-7.16
88,ligand_2639,-10.65,-9.245,-10.17,-10.58,-7.16,1.518,5,1W98,-8.1
89,ligand_7179,-10.55,-9.241,-9.51,-10.63,-7.88,1.221,5,1VYW,-10.63
89,ligand_7179,-10.55,-9.241,-9.51,-10.63,-7.88,1.221,5,7RWF,-10.11
89,ligand_7179,-10.55,-9.241,-9.51,-10.63,-7.88,1.221,5,5A14,-9.51
89,ligand_7179,-10.55,-9.241,-9.51,-10.63,-7.88,1.221,5,5IF1,-7.88
89,ligand_7179,-10.55,-9.241,-9.51,-10.63,-7.88,1.221,5,1W98,-8.07
90,ligand_1099,-10.47,-9.238,-10.34,-10.5,-7.12,1.658,5,1VYW,-10.5
90,ligand_1099,-10.47,-9.238,-10.34,-10.5,-7.12,1.658,5,7RWF,-10.47
90,ligand_1099,-10.47,-9.238,-10.34,-10.5,-7.12,1.658,5,5A14,-10.34
90,ligand_1099,-10.47,-9.238,-10.34,-10.5,-7.12,1.658,5,5IF1,-7.12
90,ligand_1099,-10.47,-9.238,-10.34,-10.5,-7.12,1.658,5,1W98,-7.75
91,ligand_217,-10.17,-9.227,-9.909,-10.6,-7.21,1.439,5,1VYW,-10.17
91,ligand_217,-10.17,-9.227,-9.909,-10.6,-7.21,1.439,5,7RWF,-10.6
91,ligand_217,-10.17,-9.227,-9.909,-10.6,-7.21,1.439,5,5A14,-9.91
91,ligand_217,-10.17,-9.227,-9.909,-10.6,-7.21,1.439,5,5IF1,-7.21
91,ligand_217,-10.17,-9.227,-9.909,-10.6,-7.21,1.439,5,1W98,-8.25
92,ligand_1172,-10.03,-9.225,-9.762,-10.66,-6.96,1.444,5,1VYW,-10.02
92,ligand_1172,-10.03,-9.225,-9.762,-10.66,-6.96,1.444,5,7RWF,-10.66
92,ligand_1172,-10.03,-9.225,-9.762,-10.66,-6.96,1.444,5,5A14,-9.76
92,ligand_1172,-10.03,-9.225,-9.762,-10.66,-6.96,1.444,5,5IF1,-6.96
92,ligand_1172,-10.03,-9.225,-9.762,-10.66,-6.96,1.444,5,1W98,-8.72
93,ligand_2227,-10.13,-9.225,-9.958,-10.59,-6.99,1.495,5,1VYW,-10.17
93,ligand_2227,-10.13,-9.225,-9.958,-10.59,-6.99,1.495,5,7RWF,-10.59
93,ligand_2227,-10.13,-9.225,-9.958,-10.59,-6.99,1.495,5,5A14,-9.96
93,ligand_2227,-10.13,-9.225,-9.958,-10.59,-6.99,1.495,5,5IF1,-6.99
93,ligand_2227,-10.13,-9.225,-9.958,-10.59,-6.99,1.495,5,1W98,-8.42
94,ligand_5716,-10.33,-9.22,-9.993,-10.44,-7.03,1.503,5,1VYW,-10.44
94,ligand_5716,-10.33,-9.22,-9.993,-10.44,-7.03,1.503,5,7RWF,-9.99
94,ligand_5716,-10.33,-9.22,-9.993,-10.44,-7.03,1.503,5,5A14,-10.35
94,ligand_5716,-10.33,-9.22,-9.993,-10.44,-7.03,1.503,5,5IF1,-7.03
94,ligand_5716,-10.33,-9.22,-9.993,-10.44,-7.03,1.503,5,1W98,-8.29
95,ligand_3349,-10.67,-9.209,-10.17,-10.52,-7.17,1.523,5,1VYW,-10.2
95,ligand_3349,-10.67,-9.209,-10.17,-10.52,-7.17,1.523,5,7RWF,-10.17
95,ligand_3349,-10.67,-9.209,-10.17,-10.52,-7.17,1.523,5,5A14,-10.52
95,ligand_3349,-10.67,-9.209,-10.17,-10.52,-7.17,1.523,5,5IF1,-7.17
95,ligand_3349,-10.67,-9.209,-10.17,-10.52,-7.17,1.523,5,1W98,-7.99
96,ligand_7064,-10.05,-9.201,-9.245,-10.08,-8.26,0.691,5,1VYW,-10.08
96,ligand_7064,-10.05,-9.201,-9.245,-10.08,-8.26,0.691,5,7RWF,-9.56
96,ligand_7064,-10.05,-9.201,-9.245,-10.08,-8.26,0.691,5,5A14,-9.24
96,ligand_7064,-10.05,-9.201,-9.245,-10.08,-8.26,0.691,5,5IF1,-8.26
96,ligand_7064,-10.05,-9.201,-9.245,-10.08,-8.26,0.691,5,1W98,-8.86
97,ligand_2838,-10.23,-9.199,-10.19,-10.55,-7.22,1.548,5,1VYW,-10.2
97,ligand_2838,-10.23,-9.199,-10.19,-10.55,-7.22,1.548,5,7RWF,-10.19
97,ligand_2838,-10.23,-9.199,-10.19,-10.55,-7.22,1.548,5,5A14,-10.55
97,ligand_2838,-10.23,-9.199,-10.19,-10.55,-7.22,1.548,5,5IF1,-7.22
97,ligand_2838,-10.23,-9.199,-10.19,-10.55,-7.22,1.548,5,1W98,-7.83
98,ligand_1412,-10.1,-9.195,-10.02,-10.1,-6.84,1.407,5,1VYW,-10.09
98,ligand_1412,-10.1,-9.195,-10.02,-10.1,-6.84,1.407,5,7RWF,-10.02
98,ligand_1412,-10.1,-9.195,-10.02,-10.1,-6.84,1.407,5,5A14,-10.1
98,ligand_1412,-10.1,-9.195,-10.02,-10.1,-6.84,1.407,5,5IF1,-6.84
98,ligand_1412,-10.1,-9.195,-10.02,-10.1,-6.84,1.407,5,1W98,-8.93
99,ligand_5710,-10.1,-9.195,-9.847,-10.49,-7.36,1.371,5,1VYW,-9.85
99,ligand_5710,-10.1,-9.195,-9.847,-10.49,-7.36,1.371,5,7RWF,-10.49
99,ligand_5710,-10.1,-9.195,-9.847,-10.49,-7.36,1.371,5,5A14,-10.15
99,ligand_5710,-10.1,-9.195,-9.847,-10.49,-7.36,1.371,5,5IF1,-7.36
99,ligand_5710,-10.1,-9.195,-9.847,-10.49,-7.36,1.371,5,1W98,-8.13
100,ligand_1858,-10.06,-9.194,-10.2,-10.54,-6.89,1.604,5,1VYW,-10.21
100,ligand_1858,-10.06,-9.194,-10.2,-10.54,-6.89,1.604,5,7RWF,-10.2
100,ligand_1858,-10.06,-9.194,-10.2,-10.54,-6.89,1.604,5,5A14,-10.54
100,ligand_1858,-10.06,-9.194,-10.2,-10.54,-6.89,1.604,5,5IF1,-6.89
100,ligand_1858,-10.06,-9.194,-10.2,-10.54,-6.89,1.604,5,1W98,-8.13
101,ligand_2448,-10.44,-9.191,-9.637,-10.57,-7.6,1.371,5,1VYW,-10.27
101,ligand_2448,-10.44,-9.191,-9.637,-10.57,-7.6,1.371,5,7RWF,-9.64
101,ligand_2448,-10.44,-9.191,-9.637,-10.57,-7.6,1.371,5,5A14,-10.57
101,ligand_2448,-10.44,-9.191,-9.637,-10.57,-7.6,1.371,5,5IF1,-7.6
101,ligand_2448,-10.44,-9.191,-9.637,-10.57,-7.6,1.371,5,1W98,-7.88
102,ligand_7122,-10.09,-9.191,-10.02,-10.1,-6.83,1.406,5,1VYW,-10.1
102,ligand_7122,-10.09,-9.191,-10.02,-10.1,-6.83,1.406,5,7RWF,-10.02
102,ligand_7122,-10.09,-9.191,-10.02,-10.1,-6.83,1.406,5,5A14,-10.07
102,ligand_7122,-10.09,-9.191,-10.02,-10.1,-6.83,1.406,5,5IF1,-6.83
102,ligand_7122,-10.09,-9.191,-10.02,-10.1,-6.83,1.406,5,1W98,-8.93
103,ligand_1574,-10.1,-9.185,-10.02,-10.08,-6.82,1.407,5,1VYW,-10.07
103,ligand_1574,-10.1,-9.185,-10.02,-10.08,-6.82,1.407,5,7RWF,-10.02
103,ligand_1574,-10.1,-9.185,-10.02,-10.08,-6.82,1.407,5,5A14,-10.08
103,ligand_1574,-10.1,-9.185,-10.02,-10.08,-6.82,1.407,5,5IF1,-6.82
103,ligand_1574,-10.1,-9.185,-10.02,-10.08,-6.82,1.407,5,1W98,-8.93
104,ligand_3959,-10.87,-9.183,-8.357,-11.42,-7.38,1.851,5,1VYW,-10.91
104,ligand_3959,-10.87,-9.183,-8.357,-11.42,-7.38,1.851,5,7RWF,-11.42
104,ligand_3959,-10.87,-9.183,-8.357,-11.42,-7.38,1.851,5,5A14,-7.85
104,ligand_3959,-10.87,-9.183,-8.357,-11.42,-7.38,1.851,5,5IF1,-7.38
104,ligand_3959,-10.87,-9.183,-8.357,-11.42,-7.38,1.851,5,1W98,-8.36
105,ligand_2323,-10.43,-9.175,-10.4,-10.76,-6.28,1.96,5,1VYW,-10.44
105,ligand_2323,-10.43,-9.175,-10.4,-10.76,-6.28,1.96,5,7RWF,-10.4
105,ligand_2323,-10.43,-9.175,-10.4,-10.76,-6.28,1.96,5,5A14,-10.76
105,ligand_2323,-10.43,-9.175,-10.4,-10.76,-6.28,1.96,5,5IF1,-6.28
105,ligand_2323,-10.43,-9.175,-10.4,-10.76,-6.28,1.96,5,1W98,-7.99
106,ligand_4627,-10.06,-9.173,-10.04,-10.63,-7.12,1.515,5,1VYW,-10.04
106,ligand_4627,-10.06,-9.173,-10.04,-10.63,-7.12,1.515,5,7RWF,-10.63
106,ligand_4627,-10.06,-9.173,-10.04,-10.63,-7.12,1.515,5,5A14,-10.05
106,ligand_4627,-10.06,-9.173,-10.04,-10.63,-7.12,1.515,5,5IF1,-7.12
106,ligand_4627,-10.06,-9.173,-10.04,-10.63,-7.12,1.515,5,1W98,-8.03
107,ligand_4639,-10.32,-9.17,-9.96,-10.69,-7.16,1.525,5,1VYW,-9.96
107,ligand_4639,-10.32,-9.17,-9.96,-10.69,-7.16,1.525,5,7RWF,-10.69
107,ligand_4639,-10.32,-9.17,-9.96,-10.69,-7.16,1.525,5,5A14,-10.09
107,ligand_4639,-10.32,-9.17,-9.96,-10.69,-7.16,1.525,5,5IF1,-7.16
107,ligand_4639,-10.32,-9.17,-9.96,-10.69,-7.16,1.525,5,1W98,-7.95
108,ligand_1362,-10.01,-9.17,-9.442,-10.71,-6.94,1.51,5,1VYW,-10.28
108,ligand_1362,-10.01,-9.17,-9.442,-10.71,-6.94,1.51,5,7RWF,-9.44
108,ligand_1362,-10.01,-9.17,-9.442,-10.71,-6.94,1.51,5,5A14,-10.71
108,ligand_1362,-10.01,-9.17,-9.442,-10.71,-6.94,1.51,5,5IF1,-6.94
108,ligand_1362,-10.01,-9.17,-9.442,-10.71,-6.94,1.51,5,1W98,-8.47
109,ligand_3512,-10.24,-9.168,-9.997,-10.47,-7.08,1.505,5,1VYW,-10.22
109,ligand_3512,-10.24,-9.168,-9.997,-10.47,-7.08,1.505,5,7RWF,-10
109,ligand_3512,-10.24,-9.168,-9.997,-10.47,-7.08,1.505,5,5A14,-10.47
109,ligand_3512,-10.24,-9.168,-9.997,-10.47,-7.08,1.505,5,5IF1,-7.08
109,ligand_3512,-10.24,-9.168,-9.997,-10.47,-7.08,1.505,5,1W98,-8.08
110,ligand_5848,-10.28,-9.145,-9.752,-10.28,-6.86,1.447,5,1VYW,-10.28
110,ligand_5848,-10.28,-9.145,-9.752,-10.28,-6.86,1.447,5,7RWF,-9.75
110,ligand_5848,-10.28,-9.145,-9.752,-10.28,-6.86,1.447,5,5A14,-10.24
110,ligand_5848,-10.28,-9.145,-9.752,-10.28,-6.86,1.447,5,5IF1,-6.86
110,ligand_5848,-10.28,-9.145,-9.752,-10.28,-6.86,1.447,5,1W98,-8.59
111,ligand_7490,-10.6,-9.128,-8.248,-10.99,-7.71,1.549,5,1VYW,-10.62
111,ligand_7490,-10.6,-9.128,-8.248,-10.99,-7.71,1.549,5,7RWF,-10.99
111,ligand_7490,-10.6,-9.128,-8.248,-10.99,-7.71,1.549,5,5A14,-8.25
111,ligand_7490,-10.6,-9.128,-8.248,-10.99,-7.71,1.549,5,5IF1,-7.71
111,ligand_7490,-10.6,-9.128,-8.248,-10.99,-7.71,1.549,5,1W98,-8.07
112,ligand_4500,-10.2,-9.112,-9.9,-10.64,-6.97,1.614,5,1VYW,-10.22
112,ligand_4500,-10.2,-9.112,-9.9,-10.64,-6.97,1.614,5,7RWF,-10.64
112,ligand_4500,-10.2,-9.112,-9.9,-10.64,-6.97,1.614,5,5A14,-9.9
112,ligand_4500,-10.2,-9.112,-9.9,-10.64,-6.97,1.614,5,5IF1,-6.97
112,ligand_4500,-10.2,-9.112,-9.9,-10.64,-6.97,1.614,5,1W98,-7.83
113,ligand_6415,-10.29,-9.096,-9.674,-10.37,-6.96,1.481,5,1VYW,-10.29
113,ligand_6415,-10.29,-9.096,-9.674,-10.37,-6.96,1.481,5,7RWF,-9.67
113,ligand_6415,-10.29,-9.096,-9.674,-10.37,-6.96,1.481,5,5A14,-10.37
113,ligand_6415,-10.29,-9.096,-9.674,-10.37,-6.96,1.481,5,5IF1,-6.96
113,ligand_6415,-10.29,-9.096,-9.674,-10.37,-6.96,1.481,5,1W98,-8.19
114,ligand_3981,-10.42,-9.096,-8.657,-11.09,-8.03,1.21,5,1VYW,-9.32
114,ligand_3981,-10.42,-9.096,-8.657,-11.09,-8.03,1.21,5,7RWF,-11.09
114,ligand_3981,-10.42,-9.096,-8.657,-11.09,-8.03,1.21,5,5A14,-8.66
114,ligand_3981,-10.42,-9.096,-8.657,-11.09,-8.03,1.21,5,5IF1,-8.03
114,ligand_3981,-10.42,-9.096,-8.657,-11.09,-8.03,1.21,5,1W98,-8.39
115,ligand_2546,-10.43,-9.096,-8.939,-11.03,-6.61,1.786,5,1VYW,-10.58
115,ligand_2546,-10.43,-9.096,-8.939,-11.03,-6.61,1.786,5,7RWF,-6.61
115,ligand_2546,-10.43,-9.096,-8.939,-11.03,-6.61,1.786,5,5A14,-11.03
115,ligand_2546,-10.43,-9.096,-8.939,-11.03,-6.61,1.786,5,5IF1,-8.94
115,ligand_2546,-10.43,-9.096,-8.939,-11.03,-6.61,1.786,5,1W98,-8.32
116,ligand_7476,-11.02,-9.075,-8.875,-10.97,-7.44,1.576,5,1VYW,-10.97
116,ligand_7476,-11.02,-9.075,-8.875,-10.97,-7.44,1.576,5,7RWF,-7.44
116,ligand_7476,-11.02,-9.075,-8.875,-10.97,-7.44,1.576,5,5A14,-10.39
116,ligand_7476,-11.02,-9.075,-8.875,-10.97,-7.44,1.576,5,5IF1,-7.7
116,ligand_7476,-11.02,-9.075,-8.875,-10.97,-7.44,1.576,5,1W98,-8.88
117,ligand_694,-10.3,-9.073,-9.346,-10.28,-7.08,1.358,5,1VYW,-10.26
117,ligand_694,-10.3,-9.073,-9.346,-10.28,-7.08,1.358,5,7RWF,-10.28
117,ligand_694,-10.3,-9.073,-9.346,-10.28,-7.08,1.358,5,5A14,-9.35
117,ligand_694,-10.3,-9.073,-9.346,-10.28,-7.08,1.358,5,5IF1,-7.08
117,ligand_694,-10.3,-9.073,-9.346,-10.28,-7.08,1.358,5,1W98,-8.4
118,ligand_3842,-10.37,-9.07,-9.925,-10.77,-6.72,1.709,5,1VYW,-9.93
118,ligand_3842,-10.37,-9.07,-9.925,-10.77,-6.72,1.709,5,7RWF,-10.77
118,ligand_3842,-10.37,-9.07,-9.925,-10.77,-6.72,1.709,5,5A14,-10.09
118,ligand_3842,-10.37,-9.07,-9.925,-10.77,-6.72,1.709,5,5IF1,-6.72
118,ligand_3842,-10.37,-9.07,-9.925,-10.77,-6.72,1.709,5,1W98,-7.85
119,ligand_1607,-10.15,-9.07,-9.976,-10.53,-6.91,1.642,5,1VYW,-10.22
119,ligand_1607,-10.15,-9.07,-9.976,-10.53,-6.91,1.642,5,7RWF,-9.98
119,ligand_1607,-10.15,-9.07,-9.976,-10.53,-6.91,1.642,5,5A14,-10.53
119,ligand_1607,-10.15,-9.07,-9.976,-10.53,-6.91,1.642,5,5IF1,-6.91
119,ligand_1607,-10.15,-9.07,-9.976,-10.53,-6.91,1.642,5,1W98,-7.71
120,ligand_1214,-10.57,-9.069,-9.128,-10.52,-6.9,1.408,5,1VYW,-10.52
120,ligand_1214,-10.57,-9.069,-9.128,-10.52,-6.9,1.408,5,7RWF,-10.07
120,ligand_1214,-10.57,-9.069,-9.128,-10.52,-6.9,1.408,5,5A14,-9.13
120,ligand_1214,-10.57,-9.069,-9.128,-10.52,-6.9,1.408,5,5IF1,-6.9
120,ligand_1214,-10.57,-9.069,-9.128,-10.52,-6.9,1.408,5,1W98,-8.72
121,ligand_6317,-10.57,-9.068,-8.519,-10.62,-7.42,1.446,5,1VYW,-10.56
121,ligand_6317,-10.57,-9.068,-8.519,-10.62,-7.42,1.446,5,7RWF,-10.62
121,ligand_6317,-10.57,-9.068,-8.519,-10.62,-7.42,1.446,5,5A14,-8.52
121,ligand_6317,-10.57,-9.068,-8.519,-10.62,-7.42,1.446,5,5IF1,-7.42
121,ligand_6317,-10.57,-9.068,-8.519,-10.62,-7.42,1.446,5,1W98,-8.22
122,ligand_660,-10.73,-9.066,-8.924,-10.79,-6.94,1.481,5,1VYW,-10.79
122,ligand_660,-10.73,-9.066,-8.924,-10.79,-6.94,1.481,5,7RWF,-8.92
122,ligand_660,-10.73,-9.066,-8.924,-10.79,-6.94,1.481,5,5A14,-10.09
122,ligand_660,-10.73,-9.066,-8.924,-10.79,-6.94,1.481,5,5IF1,-6.94
122,ligand_660,-10.73,-9.066,-8.924,-10.79,-6.94,1.481,5,1W98,-8.58
123,ligand_443,-10.34,-9.049,-9.292,-10.58,-7.37,1.48,5,1VYW,-10.33
123,ligand_443,-10.34,-9.049,-9.292,-10.58,-7.37,1.48,5,7RWF,-9.29
123,ligand_443,-10.34,-9.049,-9.292,-10.58,-7.37,1.48,5,5A14,-10.58
123,ligand_443,-10.34,-9.049,-9.292,-10.58,-7.37,1.48,5,5IF1,-7.37
123,ligand_443,-10.34,-9.049,-9.292,-10.58,-7.37,1.48,5,1W98,-7.67
124,ligand_3045,-10.2,-9.048,-9.67,-10.16,-7.44,1.168,5,1VYW,-9.67
124,ligand_3045,-10.2,-9.048,-9.67,-10.16,-7.44,1.168,5,7RWF,-10.16
124,ligand_3045,-10.2,-9.048,-9.67,-10.16,-7.44,1.168,5,5A14,-9.77
124,ligand_3045,-10.2,-9.048,-9.67,-10.16,-7.44,1.168,5,5IF1,-7.44
124,ligand_3045,-10.2,-9.048,-9.67,-10.16,-7.44,1.168,5,1W98,-8.2
125,ligand_4587,-10.1,-9.048,-10.09,-10.23,-7.29,1.525,5,1VYW,-10.09
125,ligand_4587,-10.1,-9.048,-10.09,-10.23,-7.29,1.525,5,7RWF,-10.16
125,ligand_4587,-10.1,-9.048,-10.09,-10.23,-7.29,1.525,5,5A14,-10.23
125,ligand_4587,-10.1,-9.048,-10.09,-10.23,-7.29,1.525,5,5IF1,-7.29
125,ligand_4587,-10.1,-9.048,-10.09,-10.23,-7.29,1.525,5,1W98,-7.46
126,ligand_2684,-10.83,-9.04,-8.565,-10.83,-7.35,1.361,5,1VYW,-10.83
126,ligand_2684,-10.83,-9.04,-8.565,-10.83,-7.35,1.361,5,7RWF,-9.95
126,ligand_2684,-10.83,-9.04,-8.565,-10.83,-7.35,1.361,5,5A14,-8.56
126,ligand_2684,-10.83,-9.04,-8.565,-10.83,-7.35,1.361,5,5IF1,-7.35
126,ligand_2684,-10.83,-9.04,-8.565,-10.83,-7.35,1.361,5,1W98,-8.51
127,ligand_4335,-10.26,-9.039,-9.702,-10.57,-6.83,1.625,5,1VYW,-10.25
127,ligand_4335,-10.26,-9.039,-9.702,-10.57,-6.83,1.625,5,7RWF,-9.7
127,ligand_4335,-10.26,-9.039,-9.702,-10.57,-6.83,1.625,5,5A14,-10.57
127,ligand_4335,-10.26,-9.039,-9.702,-10.57,-6.83,1.625,5,5IF1,-6.83
127,ligand_4335,-10.26,-9.039,-9.702,-10.57,-6.83,1.625,5,1W98,-7.85
128,ligand_2845,-10.04,-9.023,-9.668,-10.05,-6.55,1.465,5,1VYW,-10.05
128,ligand_2845,-10.04,-9.023,-9.668,-10.05,-6.55,1.465,5,7RWF,-10.01
128,ligand_2845,-10.04,-9.023,-9.668,-10.05,-6.55,1.465,5,5A14,-9.67
128,ligand_2845,-10.04,-9.023,-9.668,-10.05,-6.55,1.465,5,5IF1,-6.55
128,ligand_2845,-10.04,-9.023,-9.668,-10.05,-6.55,1.465,5,1W98,-8.84
129,ligand_7152,-10.01,-9.018,-9.759,-10.31,-7.05,1.438,5,1VYW,-10.03
129,ligand_7152,-10.01,-9.018,-9.759,-10.31,-7.05,1.438,5,7RWF,-10.31
129,ligand_7152,-10.01,-9.018,-9.759,-10.31,-7.05,1.438,5,5A14,-9.76
129,ligand_7152,-10.01,-9.018,-9.759,-10.31,-7.05,1.438,5,5IF1,-7.05
129,ligand_7152,-10.01,-9.018,-9.759,-10.31,-7.05,1.438,5,1W98,-7.94
130,ligand_5300,-10.13,-9.014,-10.01,-10.15,-7.1,1.501,5,1VYW,-10.15
130,ligand_5300,-10.13,-9.014,-10.01,-10.15,-7.1,1.501,5,7RWF,-10.01
130,ligand_5300,-10.13,-9.014,-10.01,-10.15,-7.1,1.501,5,5A14,-10.14
130,ligand_5300,-10.13,-9.014,-10.01,-10.15,-7.1,1.501,5,5IF1,-7.1
130,ligand_5300,-10.13,-9.014,-10.01,-10.15,-7.1,1.501,5,1W98,-7.67
131,ligand_2656,-10.02,-9.005,-10,-10.36,-7.09,1.618,5,1VYW,-10
131,ligand_2656,-10.02,-9.005,-10,-10.36,-7.09,1.618,5,7RWF,-10.36
131,ligand_2656,-10.02,-9.005,-10,-10.36,-7.09,1.618,5,5A14,-10.18
131,ligand_2656,-10.02,-9.005,-10,-10.36,-7.09,1.618,5,5IF1,-7.39
131,ligand_2656,-10.02,-9.005,-10,-10.36,-7.09,1.618,5,1W98,-7.09
132,ligand_3222,-10.21,-8.989,-9.884,-10.56,-6.42,1.699,5,1VYW,-10.56
132,ligand_3222,-10.21,-8.989,-9.884,-10.56,-6.42,1.699,5,7RWF,-8.12
132,ligand_3222,-10.21,-8.989,-9.884,-10.56,-6.42,1.699,5,5A14,-9.96
132,ligand_3222,-10.21,-8.989,-9.884,-10.56,-6.42,1.699,5,5IF1,-6.42
132,ligand_3222,-10.21,-8.989,-9.884,-10.56,-6.42,1.699,5,1W98,-9.88
133,ligand_4798,-10.22,-8.985,-9.605,-10.17,-7.09,1.342,5,1VYW,-10.17
133,ligand_4798,-10.22,-8.985,-9.605,-10.17,-7.09,1.342,5,7RWF,-9.98
133,ligand_4798,-10.22,-8.985,-9.605,-10.17,-7.09,1.342,5,5A14,-9.61
133,ligand_4798,-10.22,-8.985,-9.605,-10.17,-7.09,1.342,5,5IF1,-7.09
133,ligand_4798,-10.22,-8.985,-9.605,-10.17,-7.09,1.342,5,1W98,-8.08
134,ligand_4128,-10.11,-8.981,-9.177,-10.14,-7.89,1.028,5,1VYW,-9.75
134,ligand_4128,-10.11,-8.981,-9.177,-10.14,-7.89,1.028,5,7RWF,-10.14
134,ligand_4128,-10.11,-8.981,-9.177,-10.14,-7.89,1.028,5,5A14,-9.18
134,ligand_4128,-10.11,-8.981,-9.177,-10.14,-7.89,1.028,5,5IF1,-7.89
134,ligand_4128,-10.11,-8.981,-9.177,-10.14,-7.89,1.028,5,1W98,-7.95
135,ligand_2857,-10.19,-8.973,-9.277,-10.16,-7.32,1.237,5,1VYW,-10.16
135,ligand_2857,-10.19,-8.973,-9.277,-10.16,-7.32,1.237,5,7RWF,-10.02
135,ligand_2857,-10.19,-8.973,-9.277,-10.16,-7.32,1.237,5,5A14,-9.28
135,ligand_2857,-10.19,-8.973,-9.277,-10.16,-7.32,1.237,5,5IF1,-7.32
135,ligand_2857,-10.19,-8.973,-9.277,-10.16,-7.32,1.237,5,1W98,-8.09
136,ligand_4095,-11.19,-8.969,-8.287,-11.21,-7.37,1.542,5,1VYW,-11.21
136,ligand_4095,-11.19,-8.969,-8.287,-11.21,-7.37,1.542,5,7RWF,-9.85
136,ligand_4095,-11.19,-8.969,-8.287,-11.21,-7.37,1.542,5,5A14,-8.13
136,ligand_4095,-11.19,-8.969,-8.287,-11.21,-7.37,1.542,5,5IF1,-7.37
136,ligand_4095,-11.19,-8.969,-8.287,-11.21,-7.37,1.542,5,1W98,-8.29
137,ligand_2643,-10.01,-8.968,-8.651,-10.28,-7.14,1.321,5,1VYW,-10.28
137,ligand_2643,-10.01,-8.968,-8.651,-10.28,-7.14,1.321,5,7RWF,-8.65
137,ligand_2643,-10.01,-8.968,-8.651,-10.28,-7.14,1.321,5,5A14,-10.24
137,ligand_2643,-10.01,-8.968,-8.651,-10.28,-7.14,1.321,5,5IF1,-7.14
137,ligand_2643,-10.01,-8.968,-8.651,-10.28,-7.14,1.321,5,1W98,-8.53
138,ligand_4805,-11.12,-8.967,-9.197,-11.12,-7.4,1.451,5,1VYW,-11.12
138,ligand_4805,-11.12,-8.967,-9.197,-11.12,-7.4,1.451,5,7RWF,-7.4
138,ligand_4805,-11.12,-8.967,-9.197,-11.12,-7.4,1.451,5,5A14,-9.2
138,ligand_4805,-11.12,-8.967,-9.197,-11.12,-7.4,1.451,5,5IF1,-7.86
138,ligand_4805,-11.12,-8.967,-9.197,-11.12,-7.4,1.451,5,1W98,-9.25
139,ligand_6094,-10.35,-8.965,-8.357,-11.09,-7.5,1.57,5,1VYW,-10.13
139,ligand_6094,-10.35,-8.965,-8.357,-11.09,-7.5,1.57,5,7RWF,-8.36
139,ligand_6094,-10.35,-8.965,-8.357,-11.09,-7.5,1.57,5,5A14,-11.09
139,ligand_6094,-10.35,-8.965,-8.357,-11.09,-7.5,1.57,5,5IF1,-7.5
139,ligand_6094,-10.35,-8.965,-8.357,-11.09,-7.5,1.57,5,1W98,-7.75
140,ligand_2924,-10.25,-8.954,-9.867,-10.03,-6.88,1.445,5,1VYW,-9.87
140,ligand_2924,-10.25,-8.954,-9.867,-10.03,-6.88,1.445,5,7RWF,-10.03
140,ligand_2924,-10.25,-8.954,-9.867,-10.03,-6.88,1.445,5,5A14,-10.01
140,ligand_2924,-10.25,-8.954,-9.867,-10.03,-6.88,1.445,5,5IF1,-6.88
140,ligand_2924,-10.25,-8.954,-9.867,-10.03,-6.88,1.445,5,1W98,-7.98
141,ligand_4379,-10.17,-8.952,-10.14,-10.55,-6.29,2.023,5,1VYW,-10.14
141,ligand_4379,-10.17,-8.952,-10.14,-10.55,-6.29,2.023,5,7RWF,-10.52
141,ligand_4379,-10.17,-8.952,-10.14,-10.55,-6.29,2.023,5,5A14,-10.55
141,ligand_4379,-10.17,-8.952,-10.14,-10.55,-6.29,2.023,5,5IF1,-6.29
141,ligand_4379,-10.17,-8.952,-10.14,-10.55,-6.29,2.023,5,1W98,-7.26
142,ligand_6159,-10.13,-8.947,-9.53,-10.21,-7.43,1.184,5,1VYW,-10.21
142,ligand_6159,-10.13,-8.947,-9.53,-10.21,-7.43,1.184,5,7RWF,-9.59
142,ligand_6159,-10.13,-8.947,-9.53,-10.21,-7.43,1.184,5,5A14,-9.53
142,ligand_6159,-10.13,-8.947,-9.53,-10.21,-7.43,1.184,5,5IF1,-7.43
142,ligand_6159,-10.13,-8.947,-9.53,-10.21,-7.43,1.184,5,1W98,-7.97
143,ligand_3169,-10.65,-8.944,-8.129,-11.1,-7.18,1.809,5,1VYW,-10.67
143,ligand_3169,-10.65,-8.944,-8.129,-11.1,-7.18,1.809,5,7RWF,-11.1
143,ligand_3169,-10.65,-8.944,-8.129,-11.1,-7.18,1.809,5,5A14,-7.64
143,ligand_3169,-10.65,-8.944,-8.129,-11.1,-7.18,1.809,5,5IF1,-7.18
143,ligand_3169,-10.65,-8.944,-8.129,-11.1,-7.18,1.809,5,1W98,-8.13
144,ligand_4893,-11.69,-8.941,-8.429,-11.75,-7.52,1.661,5,1VYW,-11.75
144,ligand_4893,-11.69,-8.941,-8.429,-11.75,-7.52,1.661,5,7RWF,-7.52
144,ligand_4893,-11.69,-8.941,-8.429,-11.75,-7.52,1.661,5,5A14,-8.99
144,ligand_4893,-11.69,-8.941,-8.429,-11.75,-7.52,1.661,5,5IF1,-8.01
144,ligand_4893,-11.69,-8.941,-8.429,-11.75,-7.52,1.661,5,1W98,-8.43
145,ligand_3425,-10.29,-8.938,-9.961,-10.4,-6.55,1.805,5,1VYW,-10.33
145,ligand_3425,-10.29,-8.938,-9.961,-10.4,-6.55,1.805,5,7RWF,-10.4
145,ligand_3425,-10.29,-8.938,-9.961,-10.4,-6.55,1.805,5,5A14,-9.96
145,ligand_3425,-10.29,-8.938,-9.961,-10.4,-6.55,1.805,5,5IF1,-6.55
145,ligand_3425,-10.29,-8.938,-9.961,-10.4,-6.55,1.805,5,1W98,-7.45
146,ligand_5908,-10.17,-8.921,-9.974,-10.15,-6.19,1.74,5,1VYW,-10.13
146,ligand_5908,-10.17,-8.921,-9.974,-10.15,-6.19,1.74,5,7RWF,-10.15
146,ligand_5908,-10.17,-8.921,-9.974,-10.15,-6.19,1.74,5,5A14,-9.97
146,ligand_5908,-10.17,-8.921,-9.974,-10.15,-6.19,1.74,5,5IF1,-6.19
146,ligand_5908,-10.17,-8.921,-9.974,-10.15,-6.19,1.74,5,1W98,-8.16
147,ligand_1016,-10.6,-8.908,-8.672,-10.58,-7.85,1.11,5,1VYW,-10.58
147,ligand_1016,-10.6,-8.908,-8.672,-10.58,-7.85,1.11,5,7RWF,-8.06
147,ligand_1016,-10.6,-8.908,-8.672,-10.58,-7.85,1.11,5,5A14,-8.67
147,ligand_1016,-10.6,-8.908,-8.672,-10.58,-7.85,1.11,5,5IF1,-7.85
147,ligand_1016,-10.6,-8.908,-8.672,-10.58,-7.85,1.11,5,1W98,-9.38
148,ligand_6833,-10.09,-8.905,-8.522,-10.87,-6.84,1.698,5,1VYW,-10.87
148,ligand_6833,-10.09,-8.905,-8.522,-10.87,-6.84,1.698,5,7RWF,-8.52
148,ligand_6833,-10.09,-8.905,-8.522,-10.87,-6.84,1.698,5,5A14,-10.4
148,ligand_6833,-10.09,-8.905,-8.522,-10.87,-6.84,1.698,5,5IF1,-6.84
148,ligand_6833,-10.09,-8.905,-8.522,-10.87,-6.84,1.698,5,1W98,-7.9
149,ligand_1930,-10.91,-8.903,-8.499,-10.92,-8.09,1.166,5,1VYW,-10.92
149,ligand_1930,-10.91,-8.903,-8.499,-10.92,-8.09,1.166,5,7RWF,-8.09
149,ligand_1930,-10.91,-8.903,-8.499,-10.92,-8.09,1.166,5,5A14,-8.5
149,ligand_1930,-10.91,-8.903,-8.499,-10.92,-8.09,1.166,5,5IF1,-8.17
149,ligand_1930,-10.91,-8.903,-8.499,-10.92,-8.09,1.166,5,1W98,-8.84
150,ligand_5138,-10.11,-8.866,-9.22,-10.42,-7.05,1.457,5,1VYW,-9.97
150,ligand_5138,-10.11,-8.866,-9.22,-10.42,-7.05,1.457,5,7RWF,-9.22
150,ligand_5138,-10.11,-8.866,-9.22,-10.42,-7.05,1.457,5,5A14,-10.42
150,ligand_5138,-10.11,-8.866,-9.22,-10.42,-7.05,1.457,5,5IF1,-7.05
150,ligand_5138,-10.11,-8.866,-9.22,-10.42,-7.05,1.457,5,1W98,-7.67
151,ligand_7449,-10.11,-8.861,-7.996,-11.29,-7.28,1.748,5,1VYW,-10.11
151,ligand_7449,-10.11,-8.861,-7.996,-11.29,-7.28,1.748,5,7RWF,-11.29
151,ligand_7449,-10.11,-8.861,-7.996,-11.29,-7.28,1.748,5,5A14,-8
151,ligand_7449,-10.11,-8.861,-7.996,-11.29,-7.28,1.748,5,5IF1,-7.28
151,ligand_7449,-10.11,-8.861,-7.996,-11.29,-7.28,1.748,5,1W98,-7.62
152,ligand_7237,-10.2,-8.845,-10.03,-10.19,-6.84,1.734,5,1VYW,-10.19
152,ligand_7237,-10.2,-8.845,-10.03,-10.19,-6.84,1.734,5,7RWF,-10.11
152,ligand_7237,-10.2,-8.845,-10.03,-10.19,-6.84,1.734,5,5A14,-10.03
152,ligand_7237,-10.2,-8.845,-10.03,-10.19,-6.84,1.734,5,5IF1,-6.84
152,ligand_7237,-10.2,-8.845,-10.03,-10.19,-6.84,1.734,5,1W98,-7.05
153,ligand_3156,-10.04,-8.824,-9.213,-10.05,-7.33,1.333,5,1VYW,-10.03
153,ligand_3156,-10.04,-8.824,-9.213,-10.05,-7.33,1.333,5,7RWF,-10.05
153,ligand_3156,-10.04,-8.824,-9.213,-10.05,-7.33,1.333,5,5A14,-9.21
153,ligand_3156,-10.04,-8.824,-9.213,-10.05,-7.33,1.333,5,5IF1,-7.33
153,ligand_3156,-10.04,-8.824,-9.213,-10.05,-7.33,1.333,5,1W98,-7.49
154,ligand_528,-11.33,-8.806,-8.173,-11.34,-7.47,1.535,5,1VYW,-11.34
154,ligand_528,-11.33,-8.806,-8.173,-11.34,-7.47,1.535,5,7RWF,-9.1
154,ligand_528,-11.33,-8.806,-8.173,-11.34,-7.47,1.535,5,5A14,-8.17
154,ligand_528,-11.33,-8.806,-8.173,-11.34,-7.47,1.535,5,5IF1,-7.47
154,ligand_528,-11.33,-8.806,-8.173,-11.34,-7.47,1.535,5,1W98,-7.95
155,ligand_5722,-10.07,-8.797,-8.477,-10.17,-7.18,1.258,5,1VYW,-10.17
155,ligand_5722,-10.07,-8.797,-8.477,-10.17,-7.18,1.258,5,7RWF,-9.96
155,ligand_5722,-10.07,-8.797,-8.477,-10.17,-7.18,1.258,5,5A14,-8.48
155,ligand_5722,-10.07,-8.797,-8.477,-10.17,-7.18,1.258,5,5IF1,-7.18
155,ligand_5722,-10.07,-8.797,-8.477,-10.17,-7.18,1.258,5,1W98,-8.19
156,ligand_5162,-10.02,-8.775,-10.06,-10.76,-5.93,2.32,5,1VYW,-10.06
156,ligand_5162,-10.02,-8.775,-10.06,-10.76,-5.93,2.32,5,7RWF,-10.53
156,ligand_5162,-10.02,-8.775,-10.06,-10.76,-5.93,2.32,5,5A14,-10.76
156,ligand_5162,-10.02,-8.775,-10.06,-10.76,-5.93,2.32,5,5IF1,-5.93
156,ligand_5162,-10.02,-8.775,-10.06,-10.76,-5.93,2.32,5,1W98,-6.59
157,ligand_5949,-10.8,-8.76,-8.297,-10.81,-7.63,1.278,5,1VYW,-10.81
157,ligand_5949,-10.8,-8.76,-8.297,-10.81,-7.63,1.278,5,7RWF,-9.14
157,ligand_5949,-10.8,-8.76,-8.297,-10.81,-7.63,1.278,5,5A14,-8.3
157,ligand_5949,-10.8,-8.76,-8.297,-10.81,-7.63,1.278,5,5IF1,-7.63
157,ligand_5949,-10.8,-8.76,-8.297,-10.81,-7.63,1.278,5,1W98,-7.92
158,ligand_6654,-10.43,-8.75,-8.395,-10.42,-7.14,1.413,5,1VYW,-10.42
158,ligand_6654,-10.43,-8.75,-8.395,-10.42,-7.14,1.413,5,7RWF,-8.39
158,ligand_6654,-10.43,-8.75,-8.395,-10.42,-7.14,1.413,5,5A14,-10
158,ligand_6654,-10.43,-8.75,-8.395,-10.42,-7.14,1.413,5,5IF1,-7.14
158,ligand_6654,-10.43,-8.75,-8.395,-10.42,-7.14,1.413,5,1W98,-7.8
159,ligand_1983,-10.41,-8.748,-7.958,-10.97,-7.16,1.806,5,1VYW,-10.4
159,ligand_1983,-10.41,-8.748,-7.958,-10.97,-7.16,1.806,5,7RWF,-10.97
159,ligand_1983,-10.41,-8.748,-7.958,-10.97,-7.16,1.806,5,5A14,-7.96
159,ligand_1983,-10.41,-8.748,-7.958,-10.97,-7.16,1.806,5,5IF1,-7.16
159,ligand_1983,-10.41,-8.748,-7.958,-10.97,-7.16,1.806,5,1W98,-7.25
160,ligand_5468,-10.19,-8.718,-8.306,-11.32,-6.33,1.835,5,1VYW,-9.46
160,ligand_5468,-10.19,-8.718,-8.306,-11.32,-6.33,1.835,5,7RWF,-6.33
160,ligand_5468,-10.19,-8.718,-8.306,-11.32,-6.33,1.835,5,5A14,-11.32
160,ligand_5468,-10.19,-8.718,-8.306,-11.32,-6.33,1.835,5,5IF1,-8.31
160,ligand_5468,-10.19,-8.718,-8.306,-11.32,-6.33,1.835,5,1W98,-8.17
161,ligand_7026,-10.4,-8.698,-8.631,-10.42,-7.19,1.461,5,1VYW,-10.42
161,ligand_7026,-10.4,-8.698,-8.631,-10.42,-7.19,1.461,5,7RWF,-9.9
161,ligand_7026,-10.4,-8.698,-8.631,-10.42,-7.19,1.461,5,5A14,-8.63
161,ligand_7026,-10.4,-8.698,-8.631,-10.42,-7.19,1.461,5,5IF1,-7.34
161,ligand_7026,-10.4,-8.698,-8.631,-10.42,-7.19,1.461,5,1W98,-7.19
162,ligand_3416,-10.1,-8.681,-8.686,-10.24,-6.96,1.495,5,1VYW,-10.09
162,ligand_3416,-10.1,-8.681,-8.686,-10.24,-6.96,1.495,5,7RWF,-10.24
162,ligand_3416,-10.1,-8.681,-8.686,-10.24,-6.96,1.495,5,5A14,-8.69
162,ligand_3416,-10.1,-8.681,-8.686,-10.24,-6.96,1.495,5,5IF1,-6.96
162,ligand_3416,-10.1,-8.681,-8.686,-10.24,-6.96,1.495,5,1W98,-7.42
163,ligand_792,-10.87,-8.678,-8.339,-10.86,-7.18,1.467,5,1VYW,-10.86
163,ligand_792,-10.87,-8.678,-8.339,-10.86,-7.18,1.467,5,7RWF,-7.18
163,ligand_792,-10.87,-8.678,-8.339,-10.86,-7.18,1.467,5,5A14,-9.35
163,ligand_792,-10.87,-8.678,-8.339,-10.86,-7.18,1.467,5,5IF1,-7.66
163,ligand_792,-10.87,-8.678,-8.339,-10.86,-7.18,1.467,5,1W98,-8.34
164,ligand_1269,-10.62,-8.655,-8.05,-10.63,-7.45,1.283,5,1VYW,-10.63
164,ligand_1269,-10.62,-8.655,-8.05,-10.63,-7.45,1.283,5,7RWF,-7.45
164,ligand_1269,-10.62,-8.655,-8.05,-10.63,-7.45,1.283,5,5A14,-8.05
164,ligand_1269,-10.62,-8.655,-8.05,-10.63,-7.45,1.283,5,5IF1,-7.92
164,ligand_1269,-10.62,-8.655,-8.05,-10.63,-7.45,1.283,5,1W98,-9.22
165,ligand_1876,-10.35,-8.652,-8.306,-10.35,-7.55,1.058,5,1VYW,-10.35
165,ligand_1876,-10.35,-8.652,-8.306,-10.35,-7.55,1.058,5,7RWF,-8.31
165,ligand_1876,-10.35,-8.652,-8.306,-10.35,-7.55,1.058,5,5A14,-8.87
165,ligand_1876,-10.35,-8.652,-8.306,-10.35,-7.55,1.058,5,5IF1,-7.55
165,ligand_1876,-10.35,-8.652,-8.306,-10.35,-7.55,1.058,5,1W98,-8.19
166,ligand_677,-10.65,-8.644,-8.589,-10.64,-7.22,1.271,5,1VYW,-10.64
166,ligand_677,-10.65,-8.644,-8.589,-10.64,-7.22,1.271,5,7RWF,-8.59
166,ligand_677,-10.65,-8.644,-8.589,-10.64,-7.22,1.271,5,5A14,-8.78
166,ligand_677,-10.65,-8.644,-8.589,-10.64,-7.22,1.271,5,5IF1,-7.99
166,ligand_677,-10.65,-8.644,-8.589,-10.64,-7.22,1.271,5,1W98,-7.22
167,ligand_5194,-11,-8.638,-8.167,-11.02,-7.5,1.371,5,1VYW,-11.02
167,ligand_5194,-11,-8.638,-8.167,-11.02,-7.5,1.371,5,7RWF,-7.5
167,ligand_5194,-11,-8.638,-8.167,-11.02,-7.5,1.371,5,5A14,-8.13
167,ligand_5194,-11,-8.638,-8.167,-11.02,-7.5,1.371,5,5IF1,-8.17
167,ligand_5194,-11,-8.638,-8.167,-11.02,-7.5,1.371,5,1W98,-8.38
168,ligand_5403,-10.46,-8.601,-8.609,-10.47,-6.76,1.593,5,1VYW,-10.47
168,ligand_5403,-10.46,-8.601,-8.609,-10.47,-6.76,1.593,5,7RWF,-9.86
168,ligand_5403,-10.46,-8.601,-8.609,-10.47,-6.76,1.593,5,5A14,-8.61
168,ligand_5403,-10.46,-8.601,-8.609,-10.47,-6.76,1.593,5,5IF1,-6.76
168,ligand_5403,-10.46,-8.601,-8.609,-10.47,-6.76,1.593,5,1W98,-7.3
169,ligand_3350,-10.12,-8.591,-8.209,-10.11,-7.25,1.126,5,1VYW,-10.11
169,ligand_3350,-10.12,-8.591,-8.209,-10.11,-7.25,1.126,5,7RWF,-9.32
169,ligand_3350,-10.12,-8.591,-8.209,-10.11,-7.25,1.126,5,5A14,-8.21
169,ligand_3350,-10.12,-8.591,-8.209,-10.11,-7.25,1.126,5,5IF1,-7.25
169,ligand_3350,-10.12,-8.591,-8.209,-10.11,-7.25,1.126,5,1W98,-8.07
170,ligand_7401,-10.17,-8.575,-8.176,-10.4,-7.09,1.456,5,1VYW,-10.4
170,ligand_7401,-10.17,-8.575,-8.176,-10.4,-7.09,1.456,5,7RWF,-9.78
170,ligand_7401,-10.17,-8.575,-8.176,-10.4,-7.09,1.456,5,5A14,-8.18
170,ligand_7401,-10.17,-8.575,-8.176,-10.4,-7.09,1.456,5,5IF1,-7.09
170,ligand_7401,-10.17,-8.575,-8.176,-10.4,-7.09,1.456,5,1W98,-7.42
171,ligand_5912,-10.43,-8.555,-7.553,-10.47,-7.28,1.618,5,1VYW,-10.47
171,ligand_5912,-10.43,-8.555,-7.553,-10.47,-7.28,1.618,5,7RWF,-10.17
171,ligand_5912,-10.43,-8.555,-7.553,-10.47,-7.28,1.618,5,5A14,-7.55
171,ligand_5912,-10.43,-8.555,-7.553,-10.47,-7.28,1.618,5,5IF1,-7.3
171,ligand_5912,-10.43,-8.555,-7.553,-10.47,-7.28,1.618,5,1W98,-7.28
172,ligand_6390,-10.26,-8.549,-8.399,-10.28,-7.69,1.018,5,1VYW,-10.28
172,ligand_6390,-10.26,-8.549,-8.399,-10.28,-7.69,1.018,5,7RWF,-8.4
172,ligand_6390,-10.26,-8.549,-8.399,-10.28,-7.69,1.018,5,5A14,-8.44
172,ligand_6390,-10.26,-8.549,-8.399,-10.28,-7.69,1.018,5,5IF1,-7.69
172,ligand_6390,-10.26,-8.549,-8.399,-10.28,-7.69,1.018,5,1W98,-7.94
173,ligand_411,-10.63,-8.547,-7.526,-10.63,-7.38,1.518,5,1VYW,-10.63
173,ligand_411,-10.63,-8.547,-7.526,-10.63,-7.38,1.518,5,7RWF,-9.71
173,ligand_411,-10.63,-8.547,-7.526,-10.63,-7.38,1.518,5,5A14,-7.53
173,ligand_411,-10.63,-8.547,-7.526,-10.63,-7.38,1.518,5,5IF1,-7.38
173,ligand_411,-10.63,-8.547,-7.526,-10.63,-7.38,1.518,5,1W98,-7.49
174,ligand_4332,-10.27,-8.514,-8.018,-10.26,-7.35,1.169,5,1VYW,-10.26
174,ligand_4332,-10.27,-8.514,-8.018,-10.26,-7.35,1.169,5,7RWF,-7.83
174,ligand_4332,-10.27,-8.514,-8.018,-10.26,-7.35,1.169,5,5A14,-9.11
174,ligand_4332,-10.27,-8.514,-8.018,-10.26,-7.35,1.169,5,5IF1,-8.02
174,ligand_4332,-10.27,-8.514,-8.018,-10.26,-7.35,1.169,5,1W98,-7.35
175,ligand_3355,-10.63,-8.509,-8.118,-10.63,-7.36,1.247,5,1VYW,-10.63
175,ligand_3355,-10.63,-8.509,-8.118,-10.63,-7.36,1.247,5,7RWF,-7.36
175,ligand_3355,-10.63,-8.509,-8.118,-10.63,-7.36,1.247,5,5A14,-8.12
175,ligand_3355,-10.63,-8.509,-8.118,-10.63,-7.36,1.247,5,5IF1,-8.02
175,ligand_3355,-10.63,-8.509,-8.118,-10.63,-7.36,1.247,5,1W98,-8.42
176,ligand_7557,-10.45,-8.507,-7.546,-10.45,-7.05,1.662,5,1VYW,-10.45
176,ligand_7557,-10.45,-8.507,-7.546,-10.45,-7.05,1.662,5,7RWF,-10.18
176,ligand_7557,-10.45,-8.507,-7.546,-10.45,-7.05,1.662,5,5A14,-7.55
176,ligand_7557,-10.45,-8.507,-7.546,-10.45,-7.05,1.662,5,5IF1,-7.3
176,ligand_7557,-10.45,-8.507,-7.546,-10.45,-7.05,1.662,5,1W98,-7.05
177,ligand_6798,-10.36,-8.473,-8.751,-10.35,-6.89,1.535,5,1VYW,-10.35
177,ligand_6798,-10.36,-8.473,-8.751,-10.35,-6.89,1.535,5,7RWF,-6.89
177,ligand_6798,-10.36,-8.473,-8.751,-10.35,-6.89,1.535,5,5A14,-9.44
177,ligand_6798,-10.36,-8.473,-8.751,-10.35,-6.89,1.535,5,5IF1,-6.93
177,ligand_6798,-10.36,-8.473,-8.751,-10.35,-6.89,1.535,5,1W98,-8.75
178,ligand_1009,-10.72,-8.47,-7.789,-10.76,-7.09,1.561,5,1VYW,-10.76
178,ligand_1009,-10.72,-8.47,-7.789,-10.76,-7.09,1.561,5,7RWF,-7.79
178,ligand_1009,-10.72,-8.47,-7.789,-10.76,-7.09,1.561,5,5A14,-7.09
178,ligand_1009,-10.72,-8.47,-7.789,-10.76,-7.09,1.561,5,5IF1,-7.33
178,ligand_1009,-10.72,-8.47,-7.789,-10.76,-7.09,1.561,5,1W98,-9.38
179,ligand_1964,-10.72,-8.46,-7.894,-10.71,-7.47,1.333,5,1VYW,-10.71
179,ligand_1964,-10.72,-8.46,-7.894,-10.71,-7.47,1.333,5,7RWF,-7.47
179,ligand_1964,-10.72,-8.46,-7.894,-10.71,-7.47,1.333,5,5A14,-7.89
179,ligand_1964,-10.72,-8.46,-7.894,-10.71,-7.47,1.333,5,5IF1,-7.61
179,ligand_1964,-10.72,-8.46,-7.894,-10.71,-7.47,1.333,5,1W98,-8.61
180,ligand_1808,-10.24,-8.434,-8.265,-10.26,-6.88,1.233,5,1VYW,-10.26
180,ligand_1808,-10.24,-8.434,-8.265,-10.26,-6.88,1.233,5,7RWF,-6.88
180,ligand_1808,-10.24,-8.434,-8.265,-10.26,-6.88,1.233,5,5A14,-8.27
180,ligand_1808,-10.24,-8.434,-8.265,-10.26,-6.88,1.233,5,5IF1,-7.98
180,ligand_1808,-10.24,-8.434,-8.265,-10.26,-6.88,1.233,5,1W98,-8.78
181,ligand_2485,-11.04,-8.421,-7.909,-11.05,-7.1,1.527,5,1VYW,-11.05
181,ligand_2485,-11.04,-8.421,-7.909,-11.05,-7.1,1.527,5,7RWF,-7.1
181,ligand_2485,-11.04,-8.421,-7.909,-11.05,-7.1,1.527,5,5A14,-7.82
181,ligand_2485,-11.04,-8.421,-7.909,-11.05,-7.1,1.527,5,5IF1,-7.91
181,ligand_2485,-11.04,-8.421,-7.909,-11.05,-7.1,1.527,5,1W98,-8.23
182,ligand_2427,-10.36,-8.416,-8.181,-10.34,-7.07,1.325,5,1VYW,-10.34
182,ligand_2427,-10.36,-8.416,-8.181,-10.34,-7.07,1.325,5,7RWF,-7.07
182,ligand_2427,-10.36,-8.416,-8.181,-10.34,-7.07,1.325,5,5A14,-8.18
182,ligand_2427,-10.36,-8.416,-8.181,-10.34,-7.07,1.325,5,5IF1,-7.41
182,ligand_2427,-10.36,-8.416,-8.181,-10.34,-7.07,1.325,5,1W98,-9.08
183,ligand_486,-10.82,-8.404,-8.166,-10.81,-6.49,1.637,5,1VYW,-10.81
183,ligand_486,-10.82,-8.404,-8.166,-10.81,-6.49,1.637,5,7RWF,-6.49
183,ligand_486,-10.82,-8.404,-8.166,-10.81,-6.49,1.637,5,5A14,-7.51
183,ligand_486,-10.82,-8.404,-8.166,-10.81,-6.49,1.637,5,5IF1,-8.17
183,ligand_486,-10.82,-8.404,-8.166,-10.81,-6.49,1.637,5,1W98,-9.04
184,ligand_2342,-10.27,-8.357,-8.989,-10.43,-5.96,1.773,5,1VYW,-10.43
184,ligand_2342,-10.27,-8.357,-8.989,-10.43,-5.96,1.773,5,7RWF,-5.96
184,ligand_2342,-10.27,-8.357,-8.989,-10.43,-5.96,1.773,5,5A14,-7.18
184,ligand_2342,-10.27,-8.357,-8.989,-10.43,-5.96,1.773,5,5IF1,-8.99
184,ligand_2342,-10.27,-8.357,-8.989,-10.43,-5.96,1.773,5,1W98,-9.22
185,ligand_1054,-10.03,-8.339,-8.161,-10.02,-7.59,0.974,5,1VYW,-10.02
185,ligand_1054,-10.03,-8.339,-8.161,-10.02,-7.59,0.974,5,7RWF,-8.17
185,ligand_1054,-10.03,-8.339,-8.161,-10.02,-7.59,0.974,5,5A14,-7.75
185,ligand_1054,-10.03,-8.339,-8.161,-10.02,-7.59,0.974,5,5IF1,-7.59
185,ligand_1054,-10.03,-8.339,-8.161,-10.02,-7.59,0.974,5,1W98,-8.16
186,ligand_4094,-10.25,-8.314,-7.483,-10.23,-6.97,1.467,5,1VYW,-10.23
186,ligand_4094,-10.25,-8.314,-7.483,-10.23,-6.97,1.467,5,7RWF,-9.54
186,ligand_4094,-10.25,-8.314,-7.483,-10.23,-6.97,1.467,5,5A14,-7.48
186,ligand_4094,-10.25,-8.314,-7.483,-10.23,-6.97,1.467,5,5IF1,-7.35
186,ligand_4094,-10.25,-8.314,-7.483,-10.23,-6.97,1.467,5,1W98,-6.97
187,ligand_5841,-10.38,-8.307,-7.39,-10.37,-6.69,1.857,5,1VYW,-10.37
187,ligand_5841,-10.38,-8.307,-7.39,-10.37,-6.69,1.857,5,7RWF,-10.27
187,ligand_5841,-10.38,-8.307,-7.39,-10.37,-6.69,1.857,5,5A14,-7.39
187,ligand_5841,-10.38,-8.307,-7.39,-10.37,-6.69,1.857,5,5IF1,-6.69
187,ligand_5841,-10.38,-8.307,-7.39,-10.37,-6.69,1.857,5,1W98,-6.82
188,ligand_1364,-10.03,-8.298,-8.086,-10.08,-7.38,1.079,5,1VYW,-10.08
188,ligand_1364,-10.03,-8.298,-8.086,-10.08,-7.38,1.079,5,7RWF,-7.38
188,ligand_1364,-10.03,-8.298,-8.086,-10.08,-7.38,1.079,5,5A14,-8.09
188,ligand_1364,-10.03,-8.298,-8.086,-10.08,-7.38,1.079,5,5IF1,-7.54
188,ligand_1364,-10.03,-8.298,-8.086,-10.08,-7.38,1.079,5,1W98,-8.41
189,ligand_780,-10.54,-8.284,-8.158,-10.5,-7.16,1.315,5,1VYW,-10.5
189,ligand_780,-10.54,-8.284,-8.158,-10.5,-7.16,1.315,5,7RWF,-8.16
189,ligand_780,-10.54,-8.284,-8.158,-10.5,-7.16,1.315,5,5A14,-7.16
189,ligand_780,-10.54,-8.284,-8.158,-10.5,-7.16,1.315,5,5IF1,-7.45
189,ligand_780,-10.54,-8.284,-8.158,-10.5,-7.16,1.315,5,1W98,-8.16
190,ligand_3490,-12.38,-8.27,-7.746,-12.36,-6.39,2.389,5,1VYW,-12.36
190,ligand_3490,-12.38,-8.27,-7.746,-12.36,-6.39,2.389,5,7RWF,-6.39
190,ligand_3490,-12.38,-8.27,-7.746,-12.36,-6.39,2.389,5,5A14,-8.09
190,ligand_3490,-12.38,-8.27,-7.746,-12.36,-6.39,2.389,5,5IF1,-6.76
190,ligand_3490,-12.38,-8.27,-7.746,-12.36,-6.39,2.389,5,1W98,-7.75
191,ligand_7199,-11.19,-8.258,-8.076,-11.24,-6.37,1.844,5,1VYW,-11.24
191,ligand_7199,-11.19,-8.258,-8.076,-11.24,-6.37,1.844,5,7RWF,-6.37
191,ligand_7199,-11.19,-8.258,-8.076,-11.24,-6.37,1.844,5,5A14,-8.39
191,ligand_7199,-11.19,-8.258,-8.076,-11.24,-6.37,1.844,5,5IF1,-7.21
191,ligand_7199,-11.19,-8.258,-8.076,-11.24,-6.37,1.844,5,1W98,-8.08
192,ligand_4804,-10,-8.246,-8.106,-10.06,-6.82,1.198,5,1VYW,-10.06
192,ligand_4804,-10,-8.246,-8.106,-10.06,-6.82,1.198,5,7RWF,-6.82
192,ligand_4804,-10,-8.246,-8.106,-10.06,-6.82,1.198,5,5A14,-8.55
192,ligand_4804,-10,-8.246,-8.106,-10.06,-6.82,1.198,5,5IF1,-7.7
192,ligand_4804,-10,-8.246,-8.106,-10.06,-6.82,1.198,5,1W98,-8.11
193,ligand_1010,-10.89,-8.231,-7.784,-10.96,-6.87,1.577,5,1VYW,-10.96
193,ligand_1010,-10.89,-8.231,-7.784,-10.96,-6.87,1.577,5,7RWF,-6.87
193,ligand_1010,-10.89,-8.231,-7.784,-10.96,-6.87,1.577,5,5A14,-7.78
193,ligand_1010,-10.89,-8.231,-7.784,-10.96,-6.87,1.577,5,5IF1,-7.86
193,ligand_1010,-10.89,-8.231,-7.784,-10.96,-6.87,1.577,5,1W98,-7.69
194,ligand_3250,-10.01,-8.214,-7.81,-9.96,-7.61,0.987,5,1VYW,-9.96
194,ligand_3250,-10.01,-8.214,-7.81,-9.96,-7.61,0.987,5,7RWF,-7.72
194,ligand_3250,-10.01,-8.214,-7.81,-9.96,-7.61,0.987,5,5A14,-7.97
194,ligand_3250,-10.01,-8.214,-7.81,-9.96,-7.61,0.987,5,5IF1,-7.61
194,ligand_3250,-10.01,-8.214,-7.81,-9.96,-7.61,0.987,5,1W98,-7.81
195,ligand_5269,-11.85,-8.171,-7.375,-11.85,-6.41,2.132,5,1VYW,-11.85
195,ligand_5269,-11.85,-8.171,-7.375,-11.85,-6.41,2.132,5,7RWF,-6.41
195,ligand_5269,-11.85,-8.171,-7.375,-11.85,-6.41,2.132,5,5A14,-7.23
195,ligand_5269,-11.85,-8.171,-7.375,-11.85,-6.41,2.132,5,5IF1,-7.38
195,ligand_5269,-11.85,-8.171,-7.375,-11.85,-6.41,2.132,5,1W98,-7.99
196,ligand_6672,-10.39,-8.17,-7.852,-10.39,-6.96,1.299,5,1VYW,-10.39
196,ligand_6672,-10.39,-8.17,-7.852,-10.39,-6.96,1.299,5,7RWF,-7.73
196,ligand_6672,-10.39,-8.17,-7.852,-10.39,-6.96,1.299,5,5A14,-7.85
196,ligand_6672,-10.39,-8.17,-7.852,-10.39,-6.96,1.299,5,5IF1,-6.96
196,ligand_6672,-10.39,-8.17,-7.852,-10.39,-6.96,1.299,5,1W98,-7.91
197,ligand_7118,-10.14,-8.156,-7.841,-10.08,-6.7,1.367,5,1VYW,-10.08
197,ligand_7118,-10.14,-8.156,-7.841,-10.08,-6.7,1.367,5,7RWF,-6.7
197,ligand_7118,-10.14,-8.156,-7.841,-10.08,-6.7,1.367,5,5A14,-8.96
197,ligand_7118,-10.14,-8.156,-7.841,-10.08,-6.7,1.367,5,5IF1,-7.2
197,ligand_7118,-10.14,-8.156,-7.841,-10.08,-6.7,1.367,5,1W98,-7.84
198,ligand_5702,-10.82,-8.152,-7.675,-11.14,-6.72,1.729,5,1VYW,-11.14
198,ligand_5702,-10.82,-8.152,-7.675,-11.14,-6.72,1.729,5,7RWF,-6.72
198,ligand_5702,-10.82,-8.152,-7.675,-11.14,-6.72,1.729,5,5A14,-7.9
198,ligand_5702,-10.82,-8.152,-7.675,-11.14,-6.72,1.729,5,5IF1,-7.33
198,ligand_5702,-10.82,-8.152,-7.675,-11.14,-6.72,1.729,5,1W98,-7.67
199,ligand_463,-10.03,-8.144,-7.207,-10.61,-6.01,2.04,5,1VYW,-10.02
199,ligand_463,-10.03,-8.144,-7.207,-10.61,-6.01,2.04,5,7RWF,-6.01
199,ligand_463,-10.03,-8.144,-7.207,-10.61,-6.01,2.04,5,5A14,-10.61
199,ligand_463,-10.03,-8.144,-7.207,-10.61,-6.01,2.04,5,5IF1,-7.21
199,ligand_463,-10.03,-8.144,-7.207,-10.61,-6.01,2.04,5,1W98,-6.87
200,ligand_2864,-11.18,-8.142,-7.648,-11.16,-6.54,1.761,5,1VYW,-11.16
200,ligand_2864,-11.18,-8.142,-7.648,-11.16,-6.54,1.761,5,7RWF,-6.54
200,ligand_2864,-11.18,-8.142,-7.648,-11.16,-6.54,1.761,5,5A14,-7.51
200,ligand_2864,-11.18,-8.142,-7.648,-11.16,-6.54,1.761,5,5IF1,-7.65
200,ligand_2864,-11.18,-8.142,-7.648,-11.16,-6.54,1.761,5,1W98,-7.85
201,ligand_381,-11.2,-8.125,-7.647,-11.19,-6.48,1.789,5,1VYW,-11.19
201,ligand_381,-11.2,-8.125,-7.647,-11.19,-6.48,1.789,5,7RWF,-6.48
201,ligand_381,-11.2,-8.125,-7.647,-11.19,-6.48,1.789,5,5A14,-7.65
201,ligand_381,-11.2,-8.125,-7.647,-11.19,-6.48,1.789,5,5IF1,-7.77
201,ligand_381,-11.2,-8.125,-7.647,-11.19,-6.48,1.789,5,1W98,-7.54
202,ligand_6457,-10.29,-8.124,-8.199,-10.29,-6.54,1.485,5,1VYW,-10.29
202,ligand_6457,-10.29,-8.124,-8.199,-10.29,-6.54,1.485,5,7RWF,-6.54
202,ligand_6457,-10.29,-8.124,-8.199,-10.29,-6.54,1.485,5,5A14,-8.2
202,ligand_6457,-10.29,-8.124,-8.199,-10.29,-6.54,1.485,5,5IF1,-6.96
202,ligand_6457,-10.29,-8.124,-8.199,-10.29,-6.54,1.485,5,1W98,-8.63
203,ligand_5299,-10.53,-8.113,-7.788,-10.53,-6.58,1.454,5,1VYW,-10.53
203,ligand_5299,-10.53,-8.113,-7.788,-10.53,-6.58,1.454,5,7RWF,-6.58
203,ligand_5299,-10.53,-8.113,-7.788,-10.53,-6.58,1.454,5,5A14,-7.88
203,ligand_5299,-10.53,-8.113,-7.788,-10.53,-6.58,1.454,5,5IF1,-7.79
203,ligand_5299,-10.53,-8.113,-7.788,-10.53,-6.58,1.454,5,1W98,-7.79
204,ligand_7238,-10.33,-8.087,-8.196,-10.33,-6.37,1.51,5,1VYW,-10.33
204,ligand_7238,-10.33,-8.087,-8.196,-10.33,-6.37,1.51,5,7RWF,-6.37
204,ligand_7238,-10.33,-8.087,-8.196,-10.33,-6.37,1.51,5,5A14,-8.2
204,ligand_7238,-10.33,-8.087,-8.196,-10.33,-6.37,1.51,5,5IF1,-7.08
204,ligand_7238,-10.33,-8.087,-8.196,-10.33,-6.37,1.51,5,1W98,-8.45
205,ligand_2733,-10.02,-8.08,-7.82,-10.44,-6.41,1.46,5,1VYW,-10.44
205,ligand_2733,-10.02,-8.08,-7.82,-10.44,-6.41,1.46,5,7RWF,-6.41
205,ligand_2733,-10.02,-8.08,-7.82,-10.44,-6.41,1.46,5,5A14,-7.95
205,ligand_2733,-10.02,-8.08,-7.82,-10.44,-6.41,1.46,5,5IF1,-7.78
205,ligand_2733,-10.02,-8.08,-7.82,-10.44,-6.41,1.46,5,1W98,-7.82
206,ligand_2544,-10.48,-8.08,-8.04,-10.46,-6.46,1.489,5,1VYW,-10.46
206,ligand_2544,-10.48,-8.08,-8.04,-10.46,-6.46,1.489,5,7RWF,-6.46
206,ligand_2544,-10.48,-8.08,-8.04,-10.46,-6.46,1.489,5,5A14,-8.12
206,ligand_2544,-10.48,-8.08,-8.04,-10.46,-6.46,1.489,5,5IF1,-7.32
206,ligand_2544,-10.48,-8.08,-8.04,-10.46,-6.46,1.489,5,1W98,-8.04
207,ligand_2002,-10.27,-8.063,-8.041,-10.19,-6.46,1.388,5,1VYW,-10.19
207,ligand_2002,-10.27,-8.063,-8.041,-10.19,-6.46,1.388,5,7RWF,-8.31
207,ligand_2002,-10.27,-8.063,-8.041,-10.19,-6.46,1.388,5,5A14,-8.04
207,ligand_2002,-10.27,-8.063,-8.041,-10.19,-6.46,1.388,5,5IF1,-6.46
207,ligand_2002,-10.27,-8.063,-8.041,-10.19,-6.46,1.388,5,1W98,-7.32
208,ligand_87,-11.45,-8.015,-7.377,-11.46,-6.13,2.083,5,1VYW,-11.46
208,ligand_87,-11.45,-8.015,-7.377,-11.46,-6.13,2.083,5,7RWF,-6.13
208,ligand_87,-11.45,-8.015,-7.377,-11.46,-6.13,2.083,5,5A14,-7.38
208,ligand_87,-11.45,-8.015,-7.377,-11.46,-6.13,2.083,5,5IF1,-6.81
208,ligand_87,-11.45,-8.015,-7.377,-11.46,-6.13,2.083,5,1W98,-8.3
209,ligand_6802,-10.11,-8.013,-7.899,-10.12,-6.16,1.698,5,1VYW,-10.12
209,ligand_6802,-10.11,-8.013,-7.899,-10.12,-6.16,1.698,5,7RWF,-6.16
209,ligand_6802,-10.11,-8.013,-7.899,-10.12,-6.16,1.698,5,5A14,-6.6
209,ligand_6802,-10.11,-8.013,-7.899,-10.12,-6.16,1.698,5,5IF1,-7.9
209,ligand_6802,-10.11,-8.013,-7.899,-10.12,-6.16,1.698,5,1W98,-9.29
210,ligand_4165,-10.1,-8.011,-8.146,-10.1,-6.64,1.423,5,1VYW,-10.1
210,ligand_4165,-10.1,-8.011,-8.146,-10.1,-6.64,1.423,5,7RWF,-6.72
210,ligand_4165,-10.1,-8.011,-8.146,-10.1,-6.64,1.423,5,5A14,-8.44
210,ligand_4165,-10.1,-8.011,-8.146,-10.1,-6.64,1.423,5,5IF1,-6.64
210,ligand_4165,-10.1,-8.011,-8.146,-10.1,-6.64,1.423,5,1W98,-8.15
211,ligand_3439,-10.2,-7.996,-7.883,-10.71,-6.56,1.625,5,1VYW,-10.71
211,ligand_3439,-10.2,-7.996,-7.883,-10.71,-6.56,1.625,5,7RWF,-6.56
211,ligand_3439,-10.2,-7.996,-7.883,-10.71,-6.56,1.625,5,5A14,-7.88
211,ligand_3439,-10.2,-7.996,-7.883,-10.71,-6.56,1.625,5,5IF1,-6.94
211,ligand_3439,-10.2,-7.996,-7.883,-10.71,-6.56,1.625,5,1W98,-7.88
212,ligand_2368,-10.06,-7.995,-7.629,-10.03,-6.99,1.192,5,1VYW,-10.03
212,ligand_2368,-10.06,-7.995,-7.629,-10.03,-6.99,1.192,5,7RWF,-7.63
212,ligand_2368,-10.06,-7.995,-7.629,-10.03,-6.99,1.192,5,5A14,-6.99
212,ligand_2368,-10.06,-7.995,-7.629,-10.03,-6.99,1.192,5,5IF1,-7.37
212,ligand_2368,-10.06,-7.995,-7.629,-10.03,-6.99,1.192,5,1W98,-7.96
213,ligand_1899,-10.62,-7.988,-7.507,-10.6,-6.5,1.65,5,1VYW,-10.6
213,ligand_1899,-10.62,-7.988,-7.507,-10.6,-6.5,1.65,5,7RWF,-6.5
213,ligand_1899,-10.62,-7.988,-7.507,-10.6,-6.5,1.65,5,5A14,-7.51
213,ligand_1899,-10.62,-7.988,-7.507,-10.6,-6.5,1.65,5,5IF1,-6.83
213,ligand_1899,-10.62,-7.988,-7.507,-10.6,-6.5,1.65,5,1W98,-8.51
214,ligand_1710,-10.42,-7.98,-7.441,-10.41,-7.17,1.367,5,1VYW,-10.41
214,ligand_1710,-10.42,-7.98,-7.441,-10.41,-7.17,1.367,5,7RWF,-7.29
214,ligand_1710,-10.42,-7.98,-7.441,-10.41,-7.17,1.367,5,5A14,-7.58
214,ligand_1710,-10.42,-7.98,-7.441,-10.41,-7.17,1.367,5,5IF1,-7.17
214,ligand_1710,-10.42,-7.98,-7.441,-10.41,-7.17,1.367,5,1W98,-7.44
215,ligand_5818,-10.19,-7.952,-7.138,-10.44,-5.89,2.206,5,1VYW,-10.18
215,ligand_5818,-10.19,-7.952,-7.138,-10.44,-5.89,2.206,5,7RWF,-5.89
215,ligand_5818,-10.19,-7.952,-7.138,-10.44,-5.89,2.206,5,5A14,-10.44
215,ligand_5818,-10.19,-7.952,-7.138,-10.44,-5.89,2.206,5,5IF1,-7.14
215,ligand_5818,-10.19,-7.952,-7.138,-10.44,-5.89,2.206,5,1W98,-6.11
216,ligand_5522,-10.38,-7.94,-7.697,-10.42,-6.37,1.65,5,1VYW,-10.42
216,ligand_5522,-10.38,-7.94,-7.697,-10.42,-6.37,1.65,5,7RWF,-6.61
216,ligand_5522,-10.38,-7.94,-7.697,-10.42,-6.37,1.65,5,5A14,-8.6
216,ligand_5522,-10.38,-7.94,-7.697,-10.42,-6.37,1.65,5,5IF1,-6.37
216,ligand_5522,-10.38,-7.94,-7.697,-10.42,-6.37,1.65,5,1W98,-7.7
217,ligand_7132,-10.06,-7.934,-7.394,-10.07,-7,1.256,5,1VYW,-10.07
217,ligand_7132,-10.06,-7.934,-7.394,-10.07,-7,1.256,5,7RWF,-7
217,ligand_7132,-10.06,-7.934,-7.394,-10.07,-7,1.256,5,5A14,-7.39
217,ligand_7132,-10.06,-7.934,-7.394,-10.07,-7,1.256,5,5IF1,-7.18
217,ligand_7132,-10.06,-7.934,-7.394,-10.07,-7,1.256,5,1W98,-8.03
218,ligand_826,-10.13,-7.92,-7.663,-10.12,-6.44,1.358,5,1VYW,-10.12
218,ligand_826,-10.13,-7.92,-7.663,-10.12,-6.44,1.358,5,7RWF,-6.44
218,ligand_826,-10.13,-7.92,-7.663,-10.12,-6.44,1.358,5,5A14,-7.41
218,ligand_826,-10.13,-7.92,-7.663,-10.12,-6.44,1.358,5,5IF1,-7.66
218,ligand_826,-10.13,-7.92,-7.663,-10.12,-6.44,1.358,5,1W98,-7.97
219,ligand_3879,-10.25,-7.913,-7.543,-10.27,-6.74,1.364,5,1VYW,-10.27
219,ligand_3879,-10.25,-7.913,-7.543,-10.27,-6.74,1.364,5,7RWF,-6.74
219,ligand_3879,-10.25,-7.913,-7.543,-10.27,-6.74,1.364,5,5A14,-7.54
219,ligand_3879,-10.25,-7.913,-7.543,-10.27,-6.74,1.364,5,5IF1,-7.37
219,ligand_3879,-10.25,-7.913,-7.543,-10.27,-6.74,1.364,5,1W98,-7.64
220,ligand_4018,-10.63,-7.903,-7.516,-10.65,-6.39,1.689,5,1VYW,-10.65
220,ligand_4018,-10.63,-7.903,-7.516,-10.65,-6.39,1.689,5,7RWF,-6.39
220,ligand_4018,-10.63,-7.903,-7.516,-10.65,-6.39,1.689,5,5A14,-7.52
220,ligand_4018,-10.63,-7.903,-7.516,-10.65,-6.39,1.689,5,5IF1,-6.75
220,ligand_4018,-10.63,-7.903,-7.516,-10.65,-6.39,1.689,5,1W98,-8.21
221,ligand_4871,-10.3,-7.9,-7.121,-10.29,-6.42,1.554,5,1VYW,-10.29
221,ligand_4871,-10.3,-7.9,-7.121,-10.29,-6.42,1.554,5,7RWF,-8.59
221,ligand_4871,-10.3,-7.9,-7.121,-10.29,-6.42,1.554,5,5A14,-7.08
221,ligand_4871,-10.3,-7.9,-7.121,-10.29,-6.42,1.554,5,5IF1,-6.42
221,ligand_4871,-10.3,-7.9,-7.121,-10.29,-6.42,1.554,5,1W98,-7.12
222,ligand_2332,-10.31,-7.87,-7.238,-10.27,-6.68,1.414,5,1VYW,-10.27
222,ligand_2332,-10.31,-7.87,-7.238,-10.27,-6.68,1.414,5,7RWF,-6.68
222,ligand_2332,-10.31,-7.87,-7.238,-10.27,-6.68,1.414,5,5A14,-7.23
222,ligand_2332,-10.31,-7.87,-7.238,-10.27,-6.68,1.414,5,5IF1,-7.24
222,ligand_2332,-10.31,-7.87,-7.238,-10.27,-6.68,1.414,5,1W98,-7.93
223,ligand_5801,-10.37,-7.849,-7.4,-10.45,-6.62,1.505,5,1VYW,-10.45
223,ligand_5801,-10.37,-7.849,-7.4,-10.45,-6.62,1.505,5,7RWF,-6.62
223,ligand_5801,-10.37,-7.849,-7.4,-10.45,-6.62,1.505,5,5A14,-7.4
223,ligand_5801,-10.37,-7.849,-7.4,-10.45,-6.62,1.505,5,5IF1,-7.09
223,ligand_5801,-10.37,-7.849,-7.4,-10.45,-6.62,1.505,5,1W98,-7.67
224,ligand_4926,-10.2,-7.833,-7.854,-10.33,-6.45,1.59,5,1VYW,-10.33
224,ligand_4926,-10.2,-7.833,-7.854,-10.33,-6.45,1.59,5,7RWF,-6.45
224,ligand_4926,-10.2,-7.833,-7.854,-10.33,-6.45,1.59,5,5A14,-7.85
224,ligand_4926,-10.2,-7.833,-7.854,-10.33,-6.45,1.59,5,5IF1,-6.46
224,ligand_4926,-10.2,-7.833,-7.854,-10.33,-6.45,1.59,5,1W98,-8.08
225,ligand_3766,-10.54,-7.822,-8.62,-9.77,-2.89,2.798,5,1VYW,-9.77
225,ligand_3766,-10.54,-7.822,-8.62,-9.77,-2.89,2.798,5,7RWF,-2.89
225,ligand_3766,-10.54,-7.822,-8.62,-9.77,-2.89,2.798,5,5A14,-8.62
225,ligand_3766,-10.54,-7.822,-8.62,-9.77,-2.89,2.798,5,5IF1,-8.6
225,ligand_3766,-10.54,-7.822,-8.62,-9.77,-2.89,2.798,5,1W98,-9.23
226,ligand_4615,-10.56,-7.814,-7.145,-10.59,-6.8,1.57,5,1VYW,-10.59
226,ligand_4615,-10.56,-7.814,-7.145,-10.59,-6.8,1.57,5,7RWF,-6.8
226,ligand_4615,-10.56,-7.814,-7.145,-10.59,-6.8,1.57,5,5A14,-7.06
226,ligand_4615,-10.56,-7.814,-7.145,-10.59,-6.8,1.57,5,5IF1,-7.14
226,ligand_4615,-10.56,-7.814,-7.145,-10.59,-6.8,1.57,5,1W98,-7.47
227,ligand_2249,-10.13,-7.807,-7.545,-10.12,-6.55,1.358,5,1VYW,-10.12
227,ligand_2249,-10.13,-7.807,-7.545,-10.12,-6.55,1.358,5,7RWF,-6.55
227,ligand_2249,-10.13,-7.807,-7.545,-10.12,-6.55,1.358,5,5A14,-7.58
227,ligand_2249,-10.13,-7.807,-7.545,-10.12,-6.55,1.358,5,5IF1,-7.24
227,ligand_2249,-10.13,-7.807,-7.545,-10.12,-6.55,1.358,5,1W98,-7.54
228,ligand_6678,-11.04,-7.767,-7.367,-11.01,-6.06,1.898,5,1VYW,-11.01
228,ligand_6678,-11.04,-7.767,-7.367,-11.01,-6.06,1.898,5,7RWF,-6.06
228,ligand_6678,-11.04,-7.767,-7.367,-11.01,-6.06,1.898,5,5A14,-7.37
228,ligand_6678,-11.04,-7.767,-7.367,-11.01,-6.06,1.898,5,5IF1,-6.91
228,ligand_6678,-11.04,-7.767,-7.367,-11.01,-6.06,1.898,5,1W98,-7.49
229,ligand_5614,-10.5,-7.758,-7.144,-10.45,-6.33,1.613,5,1VYW,-10.45
229,ligand_5614,-10.5,-7.758,-7.144,-10.45,-6.33,1.613,5,7RWF,-7.95
229,ligand_5614,-10.5,-7.758,-7.144,-10.45,-6.33,1.613,5,5A14,-6.92
229,ligand_5614,-10.5,-7.758,-7.144,-10.45,-6.33,1.613,5,5IF1,-6.33
229,ligand_5614,-10.5,-7.758,-7.144,-10.45,-6.33,1.613,5,1W98,-7.14
230,ligand_5829,-10.15,-7.744,-7.811,-10.13,-5.11,1.781,5,1VYW,-10.13
230,ligand_5829,-10.15,-7.744,-7.811,-10.13,-5.11,1.781,5,7RWF,-5.11
230,ligand_5829,-10.15,-7.744,-7.811,-10.13,-5.11,1.781,5,5A14,-7.92
230,ligand_5829,-10.15,-7.744,-7.811,-10.13,-5.11,1.781,5,5IF1,-7.75
230,ligand_5829,-10.15,-7.744,-7.811,-10.13,-5.11,1.781,5,1W98,-7.81
231,ligand_3540,-10.74,-7.733,-7.335,-10.74,-6.14,1.757,5,1VYW,-10.74
231,ligand_3540,-10.74,-7.733,-7.335,-10.74,-6.14,1.757,5,7RWF,-6.14
231,ligand_3540,-10.74,-7.733,-7.335,-10.74,-6.14,1.757,5,5A14,-7.45
231,ligand_3540,-10.74,-7.733,-7.335,-10.74,-6.14,1.757,5,5IF1,-7
231,ligand_3540,-10.74,-7.733,-7.335,-10.74,-6.14,1.757,5,1W98,-7.33
232,ligand_5728,-10.89,-7.731,-7.369,-10.89,-6.07,1.847,5,1VYW,-10.89
232,ligand_5728,-10.89,-7.731,-7.369,-10.89,-6.07,1.847,5,7RWF,-6.07
232,ligand_5728,-10.89,-7.731,-7.369,-10.89,-6.07,1.847,5,5A14,-7.42
232,ligand_5728,-10.89,-7.731,-7.369,-10.89,-6.07,1.847,5,5IF1,-6.91
232,ligand_5728,-10.89,-7.731,-7.369,-10.89,-6.07,1.847,5,1W98,-7.37
233,ligand_371,-10.5,-7.715,-7.054,-10.5,-6.88,1.559,5,1VYW,-10.5
233,ligand_371,-10.5,-7.715,-7.054,-10.5,-6.88,1.559,5,7RWF,-7.05
233,ligand_371,-10.5,-7.715,-7.054,-10.5,-6.88,1.559,5,5A14,-7
233,ligand_371,-10.5,-7.715,-7.054,-10.5,-6.88,1.559,5,5IF1,-6.88
233,ligand_371,-10.5,-7.715,-7.054,-10.5,-6.88,1.559,5,1W98,-7.14
234,ligand_1763,-10.43,-7.712,-7.627,-10.39,-6.05,1.674,5,1VYW,-10.39
234,ligand_1763,-10.43,-7.712,-7.627,-10.39,-6.05,1.674,5,7RWF,-6.05
234,ligand_1763,-10.43,-7.712,-7.627,-10.39,-6.05,1.674,5,5A14,-7.63
234,ligand_1763,-10.43,-7.712,-7.627,-10.39,-6.05,1.674,5,5IF1,-6.59
234,ligand_1763,-10.43,-7.712,-7.627,-10.39,-6.05,1.674,5,1W98,-7.89
235,ligand_7327,-10.68,-7.709,-6.899,-10.71,-6.43,1.805,5,1VYW,-10.71
235,ligand_7327,-10.68,-7.709,-6.899,-10.71,-6.43,1.805,5,7RWF,-6.43
235,ligand_7327,-10.68,-7.709,-6.899,-10.71,-6.43,1.805,5,5A14,-6.9
235,ligand_7327,-10.68,-7.709,-6.899,-10.71,-6.43,1.805,5,5IF1,-6.44
235,ligand_7327,-10.68,-7.709,-6.899,-10.71,-6.43,1.805,5,1W98,-8.07
236,ligand_5537,-10.26,-7.674,-7.109,-10.24,-6.44,1.523,5,1VYW,-10.24
236,ligand_5537,-10.26,-7.674,-7.109,-10.24,-6.44,1.523,5,7RWF,-6.44
236,ligand_5537,-10.26,-7.674,-7.109,-10.24,-6.44,1.523,5,5A14,-7.11
236,ligand_5537,-10.26,-7.674,-7.109,-10.24,-6.44,1.523,5,5IF1,-6.76
236,ligand_5537,-10.26,-7.674,-7.109,-10.24,-6.44,1.523,5,1W98,-7.82
237,ligand_3022,-10.17,-7.666,-7.163,-10.16,-6.81,1.403,5,1VYW,-10.16
237,ligand_3022,-10.17,-7.666,-7.163,-10.16,-6.81,1.403,5,7RWF,-6.81
237,ligand_3022,-10.17,-7.666,-7.163,-10.16,-6.81,1.403,5,5A14,-6.99
237,ligand_3022,-10.17,-7.666,-7.163,-10.16,-6.81,1.403,5,5IF1,-7.16
237,ligand_3022,-10.17,-7.666,-7.163,-10.16,-6.81,1.403,5,1W98,-7.21
238,ligand_2858,-10.99,-7.665,-7.16,-10.99,-5.79,1.954,5,1VYW,-10.99
238,ligand_2858,-10.99,-7.665,-7.16,-10.99,-5.79,1.954,5,7RWF,-5.79
238,ligand_2858,-10.99,-7.665,-7.16,-10.99,-5.79,1.954,5,5A14,-7.12
238,ligand_2858,-10.99,-7.665,-7.16,-10.99,-5.79,1.954,5,5IF1,-7.27
238,ligand_2858,-10.99,-7.665,-7.16,-10.99,-5.79,1.954,5,1W98,-7.16
239,ligand_6860,-11,-7.659,-7.15,-10.99,-5.77,1.959,5,1VYW,-10.99
239,ligand_6860,-11,-7.659,-7.15,-10.99,-5.77,1.959,5,7RWF,-5.77
239,ligand_6860,-11,-7.659,-7.15,-10.99,-5.77,1.959,5,5A14,-7.12
239,ligand_6860,-11,-7.659,-7.15,-10.99,-5.77,1.959,5,5IF1,-7.26
239,ligand_6860,-11,-7.659,-7.15,-10.99,-5.77,1.959,5,1W98,-7.15
240,ligand_700,-10.17,-7.655,-7.544,-10.14,-6.03,1.575,5,1VYW,-10.14
240,ligand_700,-10.17,-7.655,-7.544,-10.14,-6.03,1.575,5,7RWF,-6.03
240,ligand_700,-10.17,-7.655,-7.544,-10.14,-6.03,1.575,5,5A14,-7.92
240,ligand_700,-10.17,-7.655,-7.544,-10.14,-6.03,1.575,5,5IF1,-6.64
240,ligand_700,-10.17,-7.655,-7.544,-10.14,-6.03,1.575,5,1W98,-7.54
241,ligand_5206,-10.16,-7.643,-7.29,-10.16,-6.42,1.48,5,1VYW,-10.16
241,ligand_5206,-10.16,-7.643,-7.29,-10.16,-6.42,1.48,5,7RWF,-6.42
241,ligand_5206,-10.16,-7.643,-7.29,-10.16,-6.42,1.48,5,5A14,-7.6
241,ligand_5206,-10.16,-7.643,-7.29,-10.16,-6.42,1.48,5,5IF1,-6.75
241,ligand_5206,-10.16,-7.643,-7.29,-10.16,-6.42,1.48,5,1W98,-7.29
242,ligand_2012,-10.07,-7.643,-6.879,-10.27,-6.38,1.598,5,1VYW,-10.27
242,ligand_2012,-10.07,-7.643,-6.879,-10.27,-6.38,1.598,5,7RWF,-6.38
242,ligand_2012,-10.07,-7.643,-6.879,-10.27,-6.38,1.598,5,5A14,-6.88
242,ligand_2012,-10.07,-7.643,-6.879,-10.27,-6.38,1.598,5,5IF1,-6.65
242,ligand_2012,-10.07,-7.643,-6.879,-10.27,-6.38,1.598,5,1W98,-8.03
243,ligand_4789,-10.55,-7.641,-7.227,-9.47,-6.24,1.321,5,1VYW,-9.47
243,ligand_4789,-10.55,-7.641,-7.227,-9.47,-6.24,1.321,5,7RWF,-6.24
243,ligand_4789,-10.55,-7.641,-7.227,-9.47,-6.24,1.321,5,5A14,-8.49
243,ligand_4789,-10.55,-7.641,-7.227,-9.47,-6.24,1.321,5,5IF1,-6.78
243,ligand_4789,-10.55,-7.641,-7.227,-9.47,-6.24,1.321,5,1W98,-7.23
244,ligand_1359,-10.1,-7.637,-7.423,-10.06,-6.03,1.484,5,1VYW,-10.06
244,ligand_1359,-10.1,-7.637,-7.423,-10.06,-6.03,1.484,5,7RWF,-6.03
244,ligand_1359,-10.1,-7.637,-7.423,-10.06,-6.03,1.484,5,5A14,-7.6
244,ligand_1359,-10.1,-7.637,-7.423,-10.06,-6.03,1.484,5,5IF1,-7.07
244,ligand_1359,-10.1,-7.637,-7.423,-10.06,-6.03,1.484,5,1W98,-7.42
245,ligand_6180,-10.17,-7.631,-7.069,-10.2,-6.77,1.444,5,1VYW,-10.2
245,ligand_6180,-10.17,-7.631,-7.069,-10.2,-6.77,1.444,5,7RWF,-6.77
245,ligand_6180,-10.17,-7.631,-7.069,-10.2,-6.77,1.444,5,5A14,-6.94
245,ligand_6180,-10.17,-7.631,-7.069,-10.2,-6.77,1.444,5,5IF1,-7.07
245,ligand_6180,-10.17,-7.631,-7.069,-10.2,-6.77,1.444,5,1W98,-7.17
246,ligand_4303,-10.15,-7.62,-7.528,-9.66,-5.91,1.706,5,1VYW,-9.66
246,ligand_4303,-10.15,-7.62,-7.528,-9.66,-5.91,1.706,5,7RWF,-6
246,ligand_4303,-10.15,-7.62,-7.528,-9.66,-5.91,1.706,5,5A14,-9
246,ligand_4303,-10.15,-7.62,-7.528,-9.66,-5.91,1.706,5,5IF1,-7.53
246,ligand_4303,-10.15,-7.62,-7.528,-9.66,-5.91,1.706,5,1W98,-5.91
247,ligand_4102,-10.24,-7.609,-7.291,-10.21,-6.16,1.558,5,1VYW,-10.21
247,ligand_4102,-10.24,-7.609,-7.291,-10.21,-6.16,1.558,5,7RWF,-6.16
247,ligand_4102,-10.24,-7.609,-7.291,-10.21,-6.16,1.558,5,5A14,-7.63
247,ligand_4102,-10.24,-7.609,-7.291,-10.21,-6.16,1.558,5,5IF1,-6.75
247,ligand_4102,-10.24,-7.609,-7.291,-10.21,-6.16,1.558,5,1W98,-7.29
248,ligand_6978,-10.66,-7.596,-7.364,-10.67,-5.92,1.839,5,1VYW,-10.67
248,ligand_6978,-10.66,-7.596,-7.364,-10.67,-5.92,1.839,5,7RWF,-5.92
248,ligand_6978,-10.66,-7.596,-7.364,-10.67,-5.92,1.839,5,5A14,-7.36
248,ligand_6978,-10.66,-7.596,-7.364,-10.67,-5.92,1.839,5,5IF1,-6.5
248,ligand_6978,-10.66,-7.596,-7.364,-10.67,-5.92,1.839,5,1W98,-7.53
249,ligand_5768,-10.55,-7.576,-7.408,-10.57,-6.1,1.778,5,1VYW,-10.57
249,ligand_5768,-10.55,-7.576,-7.408,-10.57,-6.1,1.778,5,7RWF,-6.1
249,ligand_5768,-10.55,-7.576,-7.408,-10.57,-6.1,1.778,5,5A14,-7.41
249,ligand_5768,-10.55,-7.576,-7.408,-10.57,-6.1,1.778,5,5IF1,-6.36
249,ligand_5768,-10.55,-7.576,-7.408,-10.57,-6.1,1.778,5,1W98,-7.44
250,ligand_6874,-10.51,-7.573,-7.039,-10.55,-6.37,1.724,5,1VYW,-10.55
250,ligand_6874,-10.51,-7.573,-7.039,-10.55,-6.37,1.724,5,7RWF,-6.37
250,ligand_6874,-10.51,-7.573,-7.039,-10.55,-6.37,1.724,5,5A14,-6.44
250,ligand_6874,-10.51,-7.573,-7.039,-10.55,-6.37,1.724,5,5IF1,-7.04
250,ligand_6874,-10.51,-7.573,-7.039,-10.55,-6.37,1.724,5,1W98,-7.46
251,ligand_1243,-10.01,-7.558,-7.282,-9.98,-6.09,1.446,5,1VYW,-9.98
251,ligand_1243,-10.01,-7.558,-7.282,-9.98,-6.09,1.446,5,7RWF,-6.09
251,ligand_1243,-10.01,-7.558,-7.282,-9.98,-6.09,1.446,5,5A14,-7.28
251,ligand_1243,-10.01,-7.558,-7.282,-9.98,-6.09,1.446,5,5IF1,-7.08
251,ligand_1243,-10.01,-7.558,-7.282,-9.98,-6.09,1.446,5,1W98,-7.36
252,ligand_7234,-10.02,-7.554,-7.047,-10.02,-6.57,1.437,5,1VYW,-10.02
252,ligand_7234,-10.02,-7.554,-7.047,-10.02,-6.57,1.437,5,7RWF,-6.57
252,ligand_7234,-10.02,-7.554,-7.047,-10.02,-6.57,1.437,5,5A14,-7.05
252,ligand_7234,-10.02,-7.554,-7.047,-10.02,-6.57,1.437,5,5IF1,-6.58
252,ligand_7234,-10.02,-7.554,-7.047,-10.02,-6.57,1.437,5,1W98,-7.55
253,ligand_3554,-10.28,-7.533,-7.055,-10.32,-6.14,1.615,5,1VYW,-10.32
253,ligand_3554,-10.28,-7.533,-7.055,-10.32,-6.14,1.615,5,7RWF,-6.14
253,ligand_3554,-10.28,-7.533,-7.055,-10.32,-6.14,1.615,5,5A14,-6.87
253,ligand_3554,-10.28,-7.533,-7.055,-10.32,-6.14,1.615,5,5IF1,-7.05
253,ligand_3554,-10.28,-7.533,-7.055,-10.32,-6.14,1.615,5,1W98,-7.28
254,ligand_152,-10.11,-7.52,-7.25,-10.53,-5.9,1.805,5,1VYW,-10.53
254,ligand_152,-10.11,-7.52,-7.25,-10.53,-5.9,1.805,5,7RWF,-5.9
254,ligand_152,-10.11,-7.52,-7.25,-10.53,-5.9,1.805,5,5A14,-7.53
254,ligand_152,-10.11,-7.52,-7.25,-10.53,-5.9,1.805,5,5IF1,-6.38
254,ligand_152,-10.11,-7.52,-7.25,-10.53,-5.9,1.805,5,1W98,-7.25
255,ligand_7551,-10.37,-7.516,-6.933,-9.86,-6.46,1.389,5,1VYW,-9.86
255,ligand_7551,-10.37,-7.516,-6.933,-9.86,-6.46,1.389,5,7RWF,-6.46
255,ligand_7551,-10.37,-7.516,-6.933,-9.86,-6.46,1.389,5,5A14,-7.67
255,ligand_7551,-10.37,-7.516,-6.933,-9.86,-6.46,1.389,5,5IF1,-6.93
255,ligand_7551,-10.37,-7.516,-6.933,-9.86,-6.46,1.389,5,1W98,-6.66
256,ligand_3387,-10.62,-7.507,-7.055,-10.56,-5.79,1.796,5,1VYW,-10.56
256,ligand_3387,-10.62,-7.507,-7.055,-10.56,-5.79,1.796,5,7RWF,-5.79
256,ligand_3387,-10.62,-7.507,-7.055,-10.56,-5.79,1.796,5,5A14,-6.92
256,ligand_3387,-10.62,-7.507,-7.055,-10.56,-5.79,1.796,5,5IF1,-7.05
256,ligand_3387,-10.62,-7.507,-7.055,-10.56,-5.79,1.796,5,1W98,-7.21
257,ligand_6502,-10.28,-7.477,-6.799,-10.29,-6.18,1.633,5,1VYW,-10.29
257,ligand_6502,-10.28,-7.477,-6.799,-10.29,-6.18,1.633,5,7RWF,-6.7
257,ligand_6502,-10.28,-7.477,-6.799,-10.29,-6.18,1.633,5,5A14,-6.8
257,ligand_6502,-10.28,-7.477,-6.799,-10.29,-6.18,1.633,5,5IF1,-6.18
257,ligand_6502,-10.28,-7.477,-6.799,-10.29,-6.18,1.633,5,1W98,-7.42
258,ligand_6194,-10.56,-7.474,-7.08,-10.6,-5.86,1.836,5,1VYW,-10.6
258,ligand_6194,-10.56,-7.474,-7.08,-10.6,-5.86,1.836,5,7RWF,-5.86
258,ligand_6194,-10.56,-7.474,-7.08,-10.6,-5.86,1.836,5,5A14,-7.31
258,ligand_6194,-10.56,-7.474,-7.08,-10.6,-5.86,1.836,5,5IF1,-6.52
258,ligand_6194,-10.56,-7.474,-7.08,-10.6,-5.86,1.836,5,1W98,-7.08
259,ligand_3523,-10.32,-7.465,-7.096,-10.3,-5.66,1.708,5,1VYW,-10.3
259,ligand_3523,-10.32,-7.465,-7.096,-10.3,-5.66,1.708,5,7RWF,-5.66
259,ligand_3523,-10.32,-7.465,-7.096,-10.3,-5.66,1.708,5,5A14,-7.2
259,ligand_3523,-10.32,-7.465,-7.096,-10.3,-5.66,1.708,5,5IF1,-7.1
259,ligand_3523,-10.32,-7.465,-7.096,-10.3,-5.66,1.708,5,1W98,-7.08
260,ligand_7609,-10.11,-7.442,-6.99,-10.07,-5.88,1.568,5,1VYW,-10.07
260,ligand_7609,-10.11,-7.442,-6.99,-10.07,-5.88,1.568,5,7RWF,-5.88
260,ligand_7609,-10.11,-7.442,-6.99,-10.07,-5.88,1.568,5,5A14,-7.35
260,ligand_7609,-10.11,-7.442,-6.99,-10.07,-5.88,1.568,5,5IF1,-6.93
260,ligand_7609,-10.11,-7.442,-6.99,-10.07,-5.88,1.568,5,1W98,-6.99
261,ligand_5764,-10.76,-7.413,-6.722,-10.78,-5.81,1.94,5,1VYW,-10.78
261,ligand_5764,-10.76,-7.413,-6.722,-10.78,-5.81,1.94,5,7RWF,-5.81
261,ligand_5764,-10.76,-7.413,-6.722,-10.78,-5.81,1.94,5,5A14,-6.72
261,ligand_5764,-10.76,-7.413,-6.722,-10.78,-5.81,1.94,5,5IF1,-6.66
261,ligand_5764,-10.76,-7.413,-6.722,-10.78,-5.81,1.94,5,1W98,-7.09
262,ligand_216,-10.76,-7.391,-6.738,-10.82,-6.11,1.943,5,1VYW,-10.82
262,ligand_216,-10.76,-7.391,-6.738,-10.82,-6.11,1.943,5,7RWF,-6.11
262,ligand_216,-10.76,-7.391,-6.738,-10.82,-6.11,1.943,5,5A14,-6.74
262,ligand_216,-10.76,-7.391,-6.738,-10.82,-6.11,1.943,5,5IF1,-6.36
262,ligand_216,-10.76,-7.391,-6.738,-10.82,-6.11,1.943,5,1W98,-6.92
263,ligand_469,-10.22,-7.365,-6.945,-10.22,-5.74,1.689,5,1VYW,-10.22
263,ligand_469,-10.22,-7.365,-6.945,-10.22,-5.74,1.689,5,7RWF,-5.74
263,ligand_469,-10.22,-7.365,-6.945,-10.22,-5.74,1.689,5,5A14,-6.95
263,ligand_469,-10.22,-7.365,-6.945,-10.22,-5.74,1.689,5,5IF1,-6.73
263,ligand_469,-10.22,-7.365,-6.945,-10.22,-5.74,1.689,5,1W98,-7.2
264,ligand_7141,-10.16,-7.3,-6.634,-10.15,-6.25,1.622,5,1VYW,-10.15
264,ligand_7141,-10.16,-7.3,-6.634,-10.15,-6.25,1.622,5,7RWF,-6.25
264,ligand_7141,-10.16,-7.3,-6.634,-10.15,-6.25,1.622,5,5A14,-7.06
264,ligand_7141,-10.16,-7.3,-6.634,-10.15,-6.25,1.622,5,5IF1,-6.4
264,ligand_7141,-10.16,-7.3,-6.634,-10.15,-6.25,1.622,5,1W98,-6.63
265,ligand_4826,-10.76,-7.273,-6.827,-10.77,-5.9,2.006,5,1VYW,-10.77
265,ligand_4826,-10.76,-7.273,-6.827,-10.77,-5.9,2.006,5,7RWF,-5.9
265,ligand_4826,-10.76,-7.273,-6.827,-10.77,-5.9,2.006,5,5A14,-6.83
265,ligand_4826,-10.76,-7.273,-6.827,-10.77,-5.9,2.006,5,5IF1,-6
265,ligand_4826,-10.76,-7.273,-6.827,-10.77,-5.9,2.006,5,1W98,-6.87
266,ligand_1735,-10.16,-7.261,-6.946,-10.18,-5.76,1.755,5,1VYW,-10.18
266,ligand_1735,-10.16,-7.261,-6.946,-10.18,-5.76,1.755,5,7RWF,-6.06
266,ligand_1735,-10.16,-7.261,-6.946,-10.18,-5.76,1.755,5,5A14,-6.95
266,ligand_1735,-10.16,-7.261,-6.946,-10.18,-5.76,1.755,5,5IF1,-5.76
266,ligand_1735,-10.16,-7.261,-6.946,-10.18,-5.76,1.755,5,1W98,-7.36
267,ligand_3011,-10.32,-7.217,-6.704,-10.3,-5.6,1.875,5,1VYW,-10.3
267,ligand_3011,-10.32,-7.217,-6.704,-10.3,-5.6,1.875,5,7RWF,-5.6
267,ligand_3011,-10.32,-7.217,-6.704,-10.3,-5.6,1.875,5,5A14,-6.7
267,ligand_3011,-10.32,-7.217,-6.704,-10.3,-5.6,1.875,5,5IF1,-5.96
267,ligand_3011,-10.32,-7.217,-6.704,-10.3,-5.6,1.875,5,1W98,-7.52
268,ligand_625,-10.12,-7.181,-6.725,-10.12,-5.95,1.685,5,1VYW,-10.12
268,ligand_625,-10.12,-7.181,-6.725,-10.12,-5.95,1.685,5,7RWF,-5.95
268,ligand_625,-10.12,-7.181,-6.725,-10.12,-5.95,1.685,5,5A14,-6.72
268,ligand_625,-10.12,-7.181,-6.725,-10.12,-5.95,1.685,5,5IF1,-6.24
268,ligand_625,-10.12,-7.181,-6.725,-10.12,-5.95,1.685,5,1W98,-6.87
269,ligand_1193,-10.39,-7.117,-6.573,-10.38,-5.43,1.893,5,1VYW,-10.38
269,ligand_1193,-10.39,-7.117,-6.573,-10.38,-5.43,1.893,5,7RWF,-5.43
269,ligand_1193,-10.39,-7.117,-6.573,-10.38,-5.43,1.893,5,5A14,-6.69
269,ligand_1193,-10.39,-7.117,-6.573,-10.38,-5.43,1.893,5,5IF1,-6.57
269,ligand_1193,-10.39,-7.117,-6.573,-10.38,-5.43,1.893,5,1W98,-6.52
270,ligand_1085,-10.19,-7.105,-7.776,-8.72,-4.48,1.751,5,1VYW,-8.34
270,ligand_1085,-10.19,-7.105,-7.776,-8.72,-4.48,1.751,5,7RWF,-4.48
270,ligand_1085,-10.19,-7.105,-7.776,-8.72,-4.48,1.751,5,5A14,-8.72
270,ligand_1085,-10.19,-7.105,-7.776,-8.72,-4.48,1.751,5,5IF1,-7.78
270,ligand_1085,-10.19,-7.105,-7.776,-8.72,-4.48,1.751,5,1W98,-6.22
271,ligand_3588,-10,-6.989,-6.428,-10.04,-5.71,1.733,5,1VYW,-10.04
271,ligand_3588,-10,-6.989,-6.428,-10.04,-5.71,1.733,5,7RWF,-5.71
271,ligand_3588,-10,-6.989,-6.428,-10.04,-5.71,1.733,5,5A14,-6.43
271,ligand_3588,-10,-6.989,-6.428,-10.04,-5.71,1.733,5,5IF1,-6.29
271,ligand_3588,-10,-6.989,-6.428,-10.04,-5.71,1.733,5,1W98,-6.47
272,ligand_3814,-10.31,-6.783,-6.122,-10.31,-5.19,2.028,5,1VYW,-10.31
272,ligand_3814,-10.31,-6.783,-6.122,-10.31,-5.19,2.028,5,7RWF,-5.19
272,ligand_3814,-10.31,-6.783,-6.122,-10.31,-5.19,2.028,5,5A14,-6.12
272,ligand_3814,-10.31,-6.783,-6.122,-10.31,-5.19,2.028,5,5IF1,-5.82
272,ligand_3814,-10.31,-6.783,-6.122,-10.31,-5.19,2.028,5,1W98,-6.48
273,ligand_2867,-11,-6.201,-7.392,-10.93,2,5.147,5,1VYW,-9.83
273,ligand_2867,-11,-6.201,-7.392,-10.93,2,5.147,5,7RWF,-4.85
273,ligand_2867,-11,-6.201,-7.392,-10.93,2,5.147,5,5A14,-10.93
273,ligand_2867,-11,-6.201,-7.392,-10.93,2,5.147,5,5IF1,-7.39
273,ligand_2867,-11,-6.201,-7.392,-10.93,2,5.147,5,1W98,2
274,ligand_2847,-10.06,-6.17,-7.703,-10.21,1.83,4.667,5,1VYW,-10.21
274,ligand_2847,-10.06,-6.17,-7.703,-10.21,1.83,4.667,5,7RWF,1.83
274,ligand_2847,-10.06,-6.17,-7.703,-10.21,1.83,4.667,5,5A14,-6.49
274,ligand_2847,-10.06,-6.17,-7.703,-10.21,1.83,4.667,5,5IF1,-8.28
274,ligand_2847,-10.06,-6.17,-7.703,-10.21,1.83,4.667,5,1W98,-7.7
275,ligand_946,-10.06,-4.631,-5.367,-8.39,2.96,4.58,5,1VYW,-8.39
275,ligand_946,-10.06,-4.631,-5.367,-8.39,2.96,4.58,5,7RWF,-4.34
275,ligand_946,-10.06,-4.631,-5.367,-8.39,2.96,4.58,5,5A14,-5.37
275,ligand_946,-10.06,-4.631,-5.367,-8.39,2.96,4.58,5,5IF1,-8.02
275,ligand_946,-10.06,-4.631,-5.367,-8.39,2.96,4.58,5,1W98,2.96
276,ligand_615,-10.05,-3.231,-5.345,-8.2,4.23,5.054,5,1VYW,-8.2
276,ligand_615,-10.05,-3.231,-5.345,-8.2,4.23,5.054,5,7RWF,4.23
276,ligand_615,-10.05,-3.231,-5.345,-8.2,4.23,5.054,5,5A14,-5.34
276,ligand_615,-10.05,-3.231,-5.345,-8.2,4.23,5.054,5,5IF1,-6.36
276,ligand_615,-10.05,-3.231,-5.345,-8.2,4.23,5.054,5,1W98,-0.48
277,ligand_7385,-10.19,3.716,-6.191,-8.61,22.36,14.906,5,1VYW,-6.42
277,ligand_7385,-10.19,3.716,-6.191,-8.61,22.36,14.906,5,7RWF,22.36
277,ligand_7385,-10.19,3.716,-6.191,-8.61,22.36,14.906,5,5A14,17.44
277,ligand_7385,-10.19,3.716,-6.191,-8.61,22.36,14.906,5,5IF1,-6.19
277,ligand_7385,-10.19,3.716,-6.191,-8.61,22.36,14.906,5,1W98,-8.61
278,ligand_1843,-10.38,3.734,-7.523,-8.2,22.5,15.894,5,1VYW,-7.83
278,ligand_1843,-10.38,3.734,-7.523,-8.2,22.5,15.894,5,7RWF,19.72
278,ligand_1843,-10.38,3.734,-7.523,-8.2,22.5,15.894,5,5A14,22.5
278,ligand_1843,-10.38,3.734,-7.523,-8.2,22.5,15.894,5,5IF1,-7.52
278,ligand_1843,-10.38,3.734,-7.523,-8.2,22.5,15.894,5,1W98,-8.2
279,ligand_4446,-10.36,3.918,-6.812,-8.92,24.09,16.221,5,1VYW,-6.81
279,ligand_4446,-10.36,3.918,-6.812,-8.92,24.09,16.221,5,7RWF,24.09
279,ligand_4446,-10.36,3.918,-6.812,-8.92,24.09,16.221,5,5A14,19.03
279,ligand_4446,-10.36,3.918,-6.812,-8.92,24.09,16.221,5,5IF1,-7.79
279,ligand_4446,-10.36,3.918,-6.812,-8.92,24.09,16.221,5,1W98,-8.92
